driver_id,gender,age,education_level,city,joining_date,joining_designation
1,0,28,2,C23,2018-12-24,1
2,0,31,2,C7,2020-06-11,2
4,0,43,2,C13,2019-07-12,2
5,0,29,0,C9,2019-09-01,1
6,1,31,1,C11,2020-07-31,3
8,0,34,0,C2,2020-09-19,3
11,1,28,2,C19,2020-07-12,1
12,0,35,2,C23,2019-06-29,1
13,0,29,2,C19,2015-05-28,1
14,1,39,0,C26,2020-10-16,3
16,1,30,0,C23,2018-11-30,2
17,0,42,2,C20,2018-06-03,1
18,1,27,1,C17,2019-09-01,1
20,1,26,0,C19,2019-10-25,3
21,1,33,1,C29,2018-12-05,1
22,0,40,2,C10,2018-05-25,1
24,0,30,2,C24,2018-05-25,1
25,0,29,1,C24,2017-10-30,1
26,0,41,2,C14,2018-07-05,1
29,0,30,2,C13,2018-05-20,1
30,0,31,1,C6,2019-03-10,3
31,1,32,2,C28,2020-04-07,3
34,1,28,1,C14,2020-07-31,2
35,0,32,1,C5,2020-07-03,3
36,1,40,1,C18,2019-01-07,2
37,1,33,1,C14,2020-05-16,2
38,0,22,0,C27,2019-06-12,1
39,0,32,0,C26,2020-08-08,2
40,0,32,0,C15,2019-08-11,2
41,0,33,2,C29,2019-04-07,4
42,1,44,0,C28,2018-10-20,2
43,1,27,0,C15,2018-07-13,1
44,0,28,2,C17,2020-09-25,1
45,0,35,2,C8,2020-05-29,3
46,1,36,2,C25,2018-10-28,1
47,0,30,1,C21,2020-09-10,1
49,0,21,0,C20,2018-05-25,1
50,1,49,0,C5,2018-11-20,3
51,0,33,0,C14,2017-05-22,4
52,0,36,0,C19,2020-06-28,3
54,0,33,1,C29,2019-11-07,4
55,1,30,0,C8,2019-11-21,1
56,1,34,2,C19,2018-07-20,1
57,1,36,1,C1,2017-07-26,1
58,0,41,0,C4,2018-10-15,2
59,1,35,1,C18,2019-06-01,1
60,1,46,0,C20,2016-09-17,1
61,0,32,2,C11,2018-04-05,1
62,0,27,2,C9,2020-11-28,1
63,0,26,0,C6,2016-04-30,1
64,0,33,2,C27,2020-01-31,2
65,1,28,1,C7,2018-07-31,2
66,1,27,2,C4,2020-01-21,3
67,0,39,2,C28,2019-04-01,1
68,0,30,0,C29,2015-10-18,1
69,1,31,1,C7,2019-11-14,2
70,0,35,1,C20,2018-08-10,1
71,0,43,2,C20,2018-05-25,3
72,0,28,2,C14,2020-10-18,2
74,1,34,2,C5,2020-01-05,2
75,1,25,2,C18,2020-07-21,2
77,0,33,2,C3,2018-05-18,1
78,0,35,0,C21,2018-09-16,2
79,0,32,1,C14,2019-09-07,4
80,1,29,0,C7,2020-02-10,2
81,0,38,2,C9,2018-12-06,1
82,1,37,1,C24,2020-11-04,3
83,0,34,2,C23,2019-08-29,3
84,0,41,0,C16,2019-04-07,1
85,0,24,2,C22,2020-09-28,1
86,0,35,2,C2,2018-05-28,1
87,0,36,1,C6,2019-08-31,3
88,1,45,0,C3,2018-06-01,2
89,0,27,1,C2,2019-05-30,2
90,0,32,0,C22,2019-11-11,2
91,0,31,0,C21,2019-03-08,2
93,0,30,2,C17,2018-07-14,2
95,1,28,2,C14,2020-01-30,3
96,0,34,2,C12,2020-07-17,3
97,1,40,2,C2,2020-03-10,3
98,0,24,0,C16,2019-08-15,2
99,0,29,0,C23,2020-03-24,2
101,0,33,0,C10,2017-03-12,1
102,1,22,0,C12,2019-05-01,1
103,1,26,1,C28,2019-11-30,2
104,1,30,1,C23,2020-08-16,2
105,0,38,0,C4,2018-09-18,1
106,1,33,0,C22,2016-05-27,1
107,0,34,2,C9,2019-12-12,3
108,0,37,2,C22,2020-09-01,3
109,1,35,0,C6,2020-04-14,1
110,1,32,1,C16,2019-09-19,1
111,0,51,1,C13,2016-12-13,2
112,0,44,1,C29,2018-06-30,1
113,1,42,0,C10,2019-06-23,1
114,1,32,0,C19,2020-09-28,3
115,0,44,1,C1,2015-07-23,1
116,0,21,0,C11,2018-04-12,1
117,1,45,1,C1,2016-01-28,1
118,1,42,0,C27,2020-10-03,3
119,1,31,1,C29,2019-11-16,3
120,0,26,2,C14,2019-09-28,3
121,1,33,2,C13,2020-07-03,3
122,0,27,0,C26,2020-07-08,2
123,0,43,1,C24,2018-07-10,1
125,1,32,2,C10,2018-07-29,1
127,0,33,1,C28,2018-04-05,3
129,1,38,1,C6,2020-11-07,2
130,0,37,1,C28,2020-01-17,2
131,1,38,1,C19,2013-10-21,2
132,0,27,2,C20,2020-01-05,2
133,1,44,2,C23,2018-07-30,1
134,0,32,0,C27,2020-12-10,3
135,0,28,0,C22,2020-09-15,3
136,1,37,0,C10,2018-02-10,1
137,0,41,0,C28,2020-05-06,2
138,0,48,2,C21,2018-01-26,1
139,0,31,1,C14,2019-10-31,2
140,0,36,1,C9,2016-04-29,1
141,0,35,1,C22,2020-10-07,2
142,0,24,1,C16,2018-10-06,1
143,0,39,2,C12,2018-01-05,1
144,0,26,2,C28,2019-08-19,1
145,0,35,1,C13,2020-02-13,3
147,0,36,1,C9,2019-07-20,2
148,0,41,0,C15,2020-11-12,2
149,1,34,0,C20,2020-04-17,3
150,0,37,0,C17,2016-04-22,1
151,0,30,0,C15,2019-09-15,4
152,0,31,0,C17,2018-03-06,1
153,1,37,1,C22,2018-10-14,5
154,0,30,1,C21,2020-03-07,1
155,0,27,1,C26,2017-10-09,2
156,1,41,1,C9,2018-01-07,1
158,0,26,1,C22,2020-03-07,1
159,1,43,1,C4,2017-07-21,1
161,0,37,2,C25,2018-06-19,1
162,0,35,1,C2,2019-10-31,3
163,0,29,0,C6,2020-08-05,1
164,1,36,0,C26,2019-06-17,1
165,1,25,2,C21,2018-10-16,2
167,0,26,1,C18,2018-02-03,1
168,0,25,2,C15,2019-07-10,2
169,0,33,2,C14,2018-01-05,2
170,0,35,2,C7,2019-04-07,3
171,1,43,1,C23,2018-08-24,2
172,1,41,2,C6,2017-07-11,2
173,0,37,0,C28,2014-06-13,1
174,1,39,1,C21,2018-07-27,1
175,0,30,0,C13,2018-09-22,1
176,0,33,0,C15,2020-04-05,1
177,0,30,1,C4,2018-12-14,1
178,1,23,0,C7,2018-11-09,2
179,1,26,2,C11,2018-05-26,1
180,0,34,1,C29,2018-06-26,2
181,1,30,2,C17,2020-06-11,3
182,0,32,2,C22,2020-01-13,1
183,1,26,2,C23,2019-03-11,1
184,1,33,2,C21,2020-12-04,2
185,0,29,0,C1,2016-11-30,1
187,0,34,1,C26,2019-02-11,2
188,0,33,0,C12,2019-11-15,2
190,1,35,0,C1,2018-07-11,4
191,1,26,2,C11,2019-12-19,3
192,1,37,1,C9,2020-10-04,3
193,0,46,2,C26,2018-07-05,1
194,0,30,0,C8,2020-06-28,2
195,0,27,0,C18,2020-09-28,1
196,0,43,1,C14,2020-05-29,3
197,0,40,1,C25,2013-10-16,2
199,0,29,0,C14,2016-12-16,1
200,0,46,1,C8,2019-11-28,3
201,1,38,0,C5,2019-05-30,3
202,0,33,0,C28,2020-10-30,1
203,1,33,2,C4,2019-04-07,3
204,1,31,0,C14,2017-05-12,1
205,0,39,0,C12,2020-12-20,1
206,1,26,0,C10,2020-09-28,1
207,0,32,0,C29,2018-09-05,3
208,0,31,2,C16,2019-06-01,1
210,0,37,2,C29,2020-03-05,3
211,1,34,2,C6,2020-05-06,3
213,0,35,0,C24,2018-05-09,2
215,1,25,1,C15,2019-07-19,1
216,0,29,1,C20,2019-04-07,2
217,0,31,1,C10,2016-05-20,1
218,0,24,0,C21,2020-07-31,1
219,0,35,0,C5,2018-11-05,2
220,1,37,1,C18,2013-11-20,2
221,0,31,0,C3,2018-12-29,1
222,0,26,0,C2,2019-12-09,3
223,0,25,0,C20,2018-08-24,2
225,1,32,0,C14,2020-07-13,3
226,1,36,1,C18,2019-09-11,2
227,1,44,2,C29,2020-01-05,3
228,0,44,2,C6,2016-07-25,1
229,0,43,0,C28,2019-03-08,4
230,0,33,0,C25,2018-10-13,2
231,0,32,1,C5,2018-10-22,1
232,0,34,2,C15,2018-03-07,1
233,1,36,1,C27,2020-06-28,3
234,1,26,1,C23,2020-02-01,2
235,1,39,0,C16,2018-08-10,1
237,0,32,0,C10,2020-04-09,3
238,0,32,0,C20,2020-01-14,2
241,0,24,0,C1,2018-12-11,1
242,0,28,0,C21,2019-03-11,1
243,0,26,2,C4,2020-08-14,3
244,0,39,2,C20,2018-04-05,1
245,0,38,2,C23,2020-11-09,2
246,0,42,1,C10,2016-12-13,1
247,1,39,0,C4,2020-06-14,2
252,0,35,2,C24,2018-06-16,1
256,0,21,0,C10,2018-10-19,1
257,0,30,1,C29,2019-12-14,3
258,0,29,0,C13,2020-03-05,1
260,0,29,1,C24,2019-10-31,1
261,1,41,2,C20,2018-07-27,3
262,1,28,1,C2,2019-01-16,2
263,0,24,0,C6,2020-12-10,1
264,0,25,2,C11,2020-12-18,1
265,0,34,1,C3,2020-05-30,1
266,0,42,1,C16,2017-10-17,1
267,0,35,0,C5,2019-07-10,3
268,1,30,1,C6,2019-01-06,1
270,0,36,1,C11,2020-04-05,3
271,0,38,2,C29,2020-05-29,4
272,0,35,1,C5,2019-05-30,2
273,0,29,1,C16,2020-08-30,1
274,0,39,1,C7,2020-12-20,2
275,0,39,0,C20,2016-02-05,1
276,1,29,1,C23,2020-06-30,3
278,0,34,0,C2,2016-10-21,1
279,1,28,0,C2,2019-02-11,1
280,1,32,2,C6,2013-12-10,4
281,1,42,1,C20,2020-10-10,3
282,1,29,0,C21,2020-08-16,2
283,1,27,2,C29,2020-10-11,2
284,0,34,2,C20,2020-03-01,2
286,1,30,1,C24,2020-07-13,2
287,1,30,0,C7,2020-05-22,1
288,1,41,0,C17,2020-12-18,2
289,0,29,0,C3,2020-07-18,2
290,1,25,1,C5,2019-07-28,1
291,1,27,2,C20,2018-12-02,2
292,1,33,2,C29,2020-05-07,3
293,1,28,1,C11,2016-02-12,1
294,0,36,0,C21,2020-10-10,1
295,1,29,0,C8,2019-05-01,2
296,1,30,1,C20,2018-10-06,1
297,0,38,2,C8,2020-12-19,3
298,0,38,0,C20,2019-12-09,3
299,1,36,0,C28,2019-08-20,1
303,0,42,1,C28,2015-10-15,1
305,0,24,0,C9,2018-08-26,1
306,1,31,0,C4,2020-11-29,2
307,0,37,0,C26,2018-05-10,2
308,0,30,2,C5,2014-08-15,2
309,1,30,1,C5,2020-11-12,3
310,1,27,2,C3,2020-11-12,1
312,0,34,0,C16,2020-03-18,2
313,1,31,0,C15,2020-04-18,3
315,1,29,2,C9,2020-12-09,3
316,0,47,2,C12,2018-09-19,1
317,0,34,1,C5,2019-06-17,2
318,1,33,1,C3,2019-10-18,1
319,0,30,2,C27,2020-02-01,3
320,1,27,0,C20,2018-07-13,1
321,1,26,1,C25,2019-10-31,1
322,1,41,0,C6,2019-06-15,2
323,1,29,2,C29,2020-06-01,2
324,0,30,1,C26,2020-03-07,3
325,0,26,2,C15,2018-11-30,1
326,0,24,2,C28,2020-04-21,2
327,0,38,1,C3,2018-05-29,1
328,1,35,1,C28,2018-11-12,3
329,1,42,1,C11,2015-07-19,1
330,1,39,1,C15,2018-09-24,1
331,0,35,2,C25,2020-09-27,3
332,0,29,2,C24,2019-03-02,1
333,1,44,1,C6,2018-09-19,1
334,1,29,0,C9,2019-07-01,2
335,1,41,2,C11,2020-11-17,3
336,0,45,2,C10,2018-10-02,2
337,1,45,2,C8,2018-09-15,2
339,0,31,1,C17,2019-06-13,3
340,0,35,0,C16,2018-08-08,1
341,0,39,1,C11,2019-12-24,2
342,0,44,2,C18,2018-09-07,3
343,0,23,1,C4,2020-01-16,1
344,0,28,1,C2,2020-02-02,3
345,1,35,1,C27,2020-07-31,2
346,1,30,1,C2,2019-02-12,3
347,1,36,0,C15,2018-05-01,2
348,1,28,1,C13,2020-01-09,2
349,0,33,2,C26,2019-05-27,2
350,0,33,2,C10,2018-03-12,2
351,0,30,1,C9,2019-10-12,2
352,0,43,0,C24,2019-02-24,1
353,1,29,2,C18,2018-07-15,1
354,1,31,0,C11,2018-11-30,1
355,0,34,2,C22,2018-06-16,3
357,0,34,0,C2,2020-08-03,4
358,1,39,2,C26,2019-10-29,3
359,0,36,2,C4,2019-06-20,2
360,1,39,1,C20,2018-10-21,2
361,0,33,0,C21,2018-09-17,1
362,1,37,2,C20,2020-04-05,2
363,0,30,2,C21,2019-08-12,2
364,0,27,2,C13,2020-07-03,1
365,1,24,0,C22,2020-01-02,2
366,0,29,2,C15,2020-10-30,2
368,0,43,1,C23,2018-09-18,1
369,0,32,0,C20,2020-09-20,1
371,1,46,1,C20,2018-07-20,1
372,1,33,0,C26,2019-06-30,2
373,1,29,2,C23,2019-01-11,1
375,0,35,0,C27,2020-07-04,3
376,0,37,2,C5,2020-07-08,2
377,0,33,0,C5,2015-11-10,1
378,0,33,2,C9,2020-12-13,3
379,0,30,2,C13,2018-05-22,1
382,0,28,0,C18,2020-10-18,1
383,1,40,0,C17,2018-09-17,1
384,1,25,1,C27,2018-10-21,2
385,1,34,2,C28,2020-09-28,3
386,1,45,1,C18,2015-06-02,2
387,1,29,2,C22,2016-11-25,1
388,0,33,1,C15,2019-05-12,2
389,1,30,2,C15,2019-05-23,2
390,1,32,2,C22,2018-10-29,1
391,0,35,1,C22,2016-01-14,1
392,1,34,1,C20,2020-01-30,3
394,1,32,2,C20,2014-06-06,2
397,0,27,2,C12,2019-02-06,2
398,0,30,2,C5,2020-07-12,2
399,0,30,2,C5,2018-10-17,1
400,0,34,0,C19,2019-08-10,2
401,1,38,0,C23,2018-02-06,2
402,0,44,2,C24,2015-11-29,1
403,0,29,2,C15,2020-10-13,2
404,0,35,0,C1,2018-10-19,2
405,0,34,2,C14,2019-06-06,1
406,0,42,2,C12,2018-08-22,1
407,1,40,1,C13,2016-05-17,1
409,0,29,0,C1,2020-03-07,2
410,0,39,1,C24,2018-05-08,2
411,1,28,1,C1,2018-02-17,1
412,0,29,2,C16,2020-11-15,2
414,1,32,0,C25,2018-01-21,2
415,1,36,0,C13,2020-09-21,2
416,1,35,0,C27,2019-06-07,3
417,1,28,1,C23,2020-06-11,2
418,0,30,1,C15,2015-07-30,1
419,0,26,2,C13,2018-07-10,1
420,0,39,2,C18,2020-10-26,3
421,0,40,2,C4,2015-07-11,1
422,0,25,1,C27,2016-04-20,2
423,0,36,0,C20,2016-04-29,1
424,0,39,0,C17,2018-02-09,2
425,0,45,1,C22,2015-12-24,1
426,0,34,2,C24,2018-07-14,2
427,0,33,1,C10,2020-04-10,3
429,0,37,0,C8,2019-06-15,2
430,0,31,0,C28,2019-06-01,1
431,1,38,0,C18,2020-11-05,3
432,0,35,0,C14,2019-08-06,1
433,0,36,2,C13,2020-05-29,3
434,1,28,2,C6,2017-11-08,1
435,0,29,0,C22,2018-12-06,1
436,0,28,2,C24,2017-09-06,1
438,1,43,2,C9,2018-10-14,1
439,0,27,1,C3,2019-11-28,1
440,0,38,1,C16,2013-11-08,2
441,0,31,2,C6,2020-05-31,3
442,0,32,2,C23,2019-09-20,3
443,1,31,1,C3,2020-04-09,2
444,0,31,1,C15,2019-11-28,1
445,0,32,0,C8,2019-05-01,2
446,1,30,0,C22,2020-01-02,3
448,0,35,1,C10,2014-04-04,2
449,0,25,0,C11,2020-09-25,1
450,0,28,2,C20,2015-08-20,1
451,1,41,2,C16,2013-05-11,1
452,0,45,0,C19,2013-10-14,2
453,0,36,2,C12,2019-07-15,4
454,1,30,2,C17,2019-08-17,1
456,1,34,1,C26,2020-07-07,2
457,1,22,1,C5,2020-11-20,2
458,1,31,0,C19,2020-07-31,3
459,0,29,2,C12,2020-10-30,3
460,1,29,0,C15,2019-05-12,2
461,1,31,0,C8,2020-04-25,2
462,0,35,2,C16,2020-02-10,3
463,0,39,1,C24,2018-10-12,1
464,0,33,2,C27,2019-07-16,3
465,1,34,2,C8,2018-01-13,2
466,1,23,0,C23,2019-12-19,2
467,0,32,0,C29,2019-11-17,3
469,0,31,2,C13,2018-09-10,1
470,0,31,0,C1,2020-10-02,2
471,0,38,0,C12,2020-08-05,3
472,1,38,1,C23,2020-06-13,3
473,1,25,1,C16,2018-07-28,1
474,0,32,1,C10,2018-04-08,1
475,0,43,1,C11,2018-07-13,1
476,1,27,0,C16,2020-03-15,2
477,0,39,1,C19,2018-01-06,1
478,1,31,1,C20,2019-05-09,2
479,1,23,2,C20,2018-03-12,1
481,0,29,2,C12,2017-05-26,1
482,0,43,1,C10,2015-07-23,1
483,1,42,1,C16,2020-05-18,3
484,1,29,0,C4,2019-08-08,1
486,1,38,0,C10,2016-10-31,1
487,0,39,1,C12,2018-12-21,1
488,0,43,2,C28,2018-10-21,1
489,1,31,2,C12,2019-10-18,1
491,0,25,2,C2,2020-01-05,1
492,1,36,0,C19,2018-07-23,2
493,0,27,1,C9,2019-09-12,2
494,1,36,1,C16,2020-08-03,3
496,0,23,1,C15,2018-10-19,1
497,1,29,1,C16,2020-06-22,2
498,0,31,2,C20,2020-06-11,2
499,0,43,2,C3,2020-09-28,3
500,0,39,1,C12,2018-11-05,4
501,1,32,0,C16,2020-08-05,3
502,0,23,1,C5,2019-11-21,2
503,1,44,0,C21,2018-06-20,1
504,1,32,1,C15,2015-06-08,2
505,0,24,0,C26,2019-01-16,2
507,0,39,1,C6,2015-11-22,1
508,0,33,1,C21,2020-12-14,2
509,0,25,0,C8,2020-06-29,3
510,1,27,0,C29,2020-05-09,1
511,0,34,2,C21,2020-12-15,2
512,1,43,1,C8,2019-05-23,1
513,1,35,2,C20,2018-06-13,1
515,1,26,0,C29,2020-04-13,2
516,1,25,0,C29,2019-04-07,1
517,1,51,2,C1,2018-10-23,1
518,1,45,2,C15,2018-08-09,1
519,0,36,1,C29,2019-10-31,3
520,1,27,1,C23,2019-09-01,4
521,0,35,0,C27,2020-06-04,1
522,0,36,2,C26,2014-05-30,2
523,0,39,0,C9,2020-02-05,3
524,0,32,1,C17,2020-02-08,3
525,0,33,1,C22,2019-10-29,3
527,0,34,1,C23,2017-08-21,3
528,0,33,0,C10,2020-11-03,2
529,1,32,0,C9,2018-11-30,2
530,0,37,2,C28,2020-03-14,1
531,0,35,2,C8,2020-06-09,2
532,0,35,0,C26,2019-10-25,1
533,0,35,1,C1,2019-06-24,1
534,0,28,0,C10,2020-11-23,3
535,0,38,1,C27,2015-06-09,1
536,0,27,2,C26,2019-07-21,1
537,1,34,1,C29,2019-06-12,2
538,1,25,1,C23,2019-10-11,1
539,0,36,0,C24,2016-06-20,2
540,0,29,0,C14,2020-05-12,3
541,0,26,2,C1,2017-10-02,1
542,0,43,1,C8,2019-04-07,2
543,0,29,0,C12,2020-09-28,3
544,0,42,2,C14,2015-07-23,1
545,1,29,1,C26,2018-10-11,2
546,1,35,2,C14,2020-09-21,1
547,0,27,0,C19,2020-04-09,2
548,1,31,2,C20,2020-08-16,3
549,1,24,1,C2,2018-11-16,1
550,0,35,1,C27,2019-10-25,1
551,0,43,2,C13,2018-06-16,3
552,0,36,1,C13,2019-11-18,3
553,0,32,1,C12,2019-10-09,2
554,0,36,2,C24,2018-11-20,1
556,1,34,2,C8,2015-04-10,1
558,1,38,1,C11,2015-08-27,1
559,0,40,0,C27,2020-08-14,1
560,0,40,2,C19,2018-07-24,3
561,0,28,1,C6,2020-12-21,1
562,1,29,0,C6,2020-02-02,2
563,1,34,0,C20,2017-07-17,1
564,0,38,2,C1,2019-01-15,1
565,0,36,1,C28,2019-09-23,3
566,0,35,2,C10,2018-05-22,1
568,0,31,1,C16,2018-05-21,1
569,1,38,0,C26,2015-12-31,2
570,1,33,2,C19,2020-06-01,1
571,1,32,2,C3,2020-07-28,3
572,1,29,0,C2,2020-02-02,2
573,0,26,2,C28,2020-03-05,2
574,0,39,0,C13,2019-04-07,2
575,0,27,2,C25,2020-12-21,1
576,1,30,0,C22,2020-08-05,3
577,1,29,2,C14,2020-03-05,3
578,0,35,1,C29,2018-12-21,2
579,1,30,2,C5,2017-06-30,1
580,1,40,2,C18,2018-07-27,1
581,0,40,2,C25,2018-10-01,1
582,1,32,2,C10,2019-11-25,2
583,0,31,0,C11,2020-07-31,2
584,1,28,0,C1,2015-01-10,2
585,1,41,0,C4,2018-10-26,1
587,1,33,0,C20,2020-05-27,3
588,1,28,0,C13,2020-01-05,2
591,0,36,2,C7,2020-09-28,3
592,1,40,1,C20,2018-04-05,1
593,0,38,0,C23,2020-02-27,3
594,0,30,0,C19,2020-09-21,2
595,0,30,0,C26,2020-04-07,2
596,0,29,0,C12,2018-08-24,2
597,1,28,2,C23,2020-01-08,3
598,1,38,1,C9,2018-12-17,2
599,1,27,1,C3,2020-12-14,2
600,0,28,1,C2,2019-10-13,3
601,1,33,1,C19,2016-05-23,1
602,0,28,0,C9,2020-04-04,2
603,0,30,0,C15,2019-10-22,2
604,1,45,1,C26,2016-05-27,1
605,0,35,1,C10,2015-10-15,1
606,1,33,0,C10,2020-01-31,3
607,1,27,1,C27,2018-01-20,1
608,0,23,2,C26,2019-11-15,2
609,1,33,2,C9,2018-10-19,1
610,1,30,2,C23,2019-03-11,2
611,1,32,1,C10,2020-01-13,2
612,0,31,0,C17,2019-03-11,1
613,0,30,0,C1,2018-08-17,1
614,1,22,1,C10,2018-10-21,1
615,0,33,2,C23,2018-05-21,1
617,1,21,0,C18,2020-05-31,1
618,0,41,2,C6,2017-06-13,1
619,1,29,1,C14,2020-08-05,3
620,1,29,2,C8,2020-08-09,3
621,1,29,2,C4,2019-12-13,3
622,0,42,0,C22,2020-12-25,3
623,1,23,1,C29,2018-12-11,1
624,0,33,1,C15,2014-05-18,2
625,0,31,1,C12,2018-11-23,1
626,0,35,0,C24,2019-01-12,2
627,0,36,1,C17,2018-10-14,2
629,1,43,0,C15,2018-09-29,2
630,1,34,0,C28,2018-09-09,2
633,1,36,2,C3,2020-07-31,3
634,0,29,2,C28,2019-01-16,1
635,0,31,1,C28,2020-03-07,3
636,0,44,0,C20,2017-01-10,4
638,0,36,2,C16,2013-07-13,2
639,0,26,2,C12,2020-01-02,2
640,1,26,1,C8,2019-07-12,3
642,0,35,0,C11,2020-07-31,3
643,0,34,1,C26,2020-10-07,2
644,0,29,2,C6,2020-04-25,1
645,1,28,2,C8,2019-03-30,2
646,0,33,1,C11,2020-12-10,3
647,1,33,2,C10,2019-01-08,1
648,1,27,0,C3,2020-07-24,1
649,0,32,1,C14,2019-01-06,1
650,1,33,1,C16,2020-11-14,2
651,1,34,1,C12,2019-05-12,3
652,0,33,1,C20,2018-05-11,4
653,1,44,0,C1,2018-12-09,2
654,0,22,0,C4,2020-10-10,2
655,0,35,0,C13,2019-05-01,2
658,1,29,1,C6,2020-04-13,3
659,1,32,2,C13,2020-05-06,3
660,1,24,0,C7,2020-01-25,1
662,0,35,1,C29,2016-10-17,1
663,0,27,1,C21,2020-04-07,3
664,0,33,2,C19,2020-11-12,1
667,0,31,2,C8,2018-09-09,2
668,1,29,1,C3,2019-11-28,2
671,0,32,2,C11,2019-01-11,3
672,0,30,2,C18,2020-08-29,2
673,1,35,1,C12,2020-10-07,2
674,1,33,1,C14,2019-09-14,1
677,1,48,1,C29,2015-05-21,2
678,0,35,2,C14,2020-08-23,1
680,1,36,2,C3,2014-07-28,2
681,0,29,0,C23,2020-08-29,2
682,0,28,1,C14,2019-07-19,1
683,1,41,2,C17,2018-06-10,1
684,1,23,0,C20,2020-06-30,1
686,1,28,2,C1,2019-02-11,2
687,0,32,0,C18,2019-04-10,1
688,1,45,1,C14,2018-06-16,1
689,1,28,1,C10,2018-10-14,1
690,1,45,0,C14,2018-10-12,2
691,1,30,0,C7,2020-06-28,2
692,0,32,1,C23,2017-12-18,1
693,0,45,2,C14,2015-07-26,2
694,1,31,2,C16,2019-07-29,3
695,0,26,2,C17,2020-03-08,1
696,1,26,0,C10,2020-03-16,3
697,0,41,1,C25,2019-07-14,4
698,0,32,2,C1,2020-01-05,3
700,1,29,1,C10,2017-12-26,1
701,1,42,2,C3,2019-12-01,2
702,1,37,0,C20,2019-06-30,3
703,0,28,2,C11,2016-04-25,1
704,0,27,1,C8,2018-05-25,1
705,0,40,2,C20,2019-03-10,3
706,0,35,0,C27,2020-06-07,3
707,1,31,2,C4,2018-05-21,1
708,1,38,0,C19,2019-11-21,3
709,0,31,1,C13,2018-04-08,5
710,0,32,2,C18,2020-06-02,3
711,0,29,0,C18,2020-12-28,1
712,0,34,1,C5,2020-08-21,3
713,0,27,0,C12,2018-01-30,1
714,0,34,2,C13,2019-08-11,3
715,0,41,1,C4,2020-12-19,2
716,0,42,1,C1,2017-10-11,1
718,0,26,2,C15,2016-04-26,1
721,0,34,2,C19,2020-05-29,3
722,0,37,1,C9,2018-11-13,2
723,0,31,1,C17,2018-07-27,1
724,1,31,2,C1,2020-09-13,2
725,0,29,0,C20,2020-07-08,1
726,1,29,1,C18,2017-09-01,1
727,0,38,2,C22,2019-05-21,2
729,0,33,0,C28,2020-04-09,2
731,1,35,0,C2,2018-09-22,1
733,1,23,0,C6,2020-12-14,1
734,1,34,2,C22,2019-10-24,3
735,1,38,1,C12,2019-08-08,4
736,1,26,2,C15,2018-03-10,1
737,0,40,0,C19,2020-09-08,3
738,0,26,1,C8,2020-05-05,2
739,1,30,0,C20,2017-06-19,1
740,0,37,1,C3,2020-12-06,1
742,0,33,1,C13,2020-06-09,3
743,0,36,0,C10,2020-03-01,2
744,0,26,2,C20,2018-01-21,1
745,0,30,2,C11,2019-10-24,2
747,1,32,1,C17,2016-11-25,1
748,1,31,0,C20,2020-11-28,3
751,0,27,0,C22,2020-11-15,3
752,0,43,2,C23,2020-03-05,2
753,0,33,1,C16,2017-10-16,2
754,0,29,0,C29,2020-10-18,2
755,0,36,1,C8,2019-12-30,3
756,1,29,1,C4,2019-05-26,3
757,0,34,0,C27,2017-11-07,1
758,0,33,1,C15,2019-08-31,2
759,0,41,1,C26,2019-08-12,3
761,0,23,2,C10,2020-12-06,2
762,0,33,2,C27,2016-04-26,1
763,0,32,2,C5,2020-11-21,1
764,1,37,1,C26,2018-11-30,1
765,1,45,1,C8,2016-11-28,1
766,1,30,1,C8,2019-07-29,1
767,1,39,0,C2,2017-05-23,1
768,1,23,1,C26,2020-04-25,1
769,0,36,1,C11,2020-01-11,3
770,0,25,0,C26,2019-05-07,2
771,0,36,1,C5,2020-11-07,2
772,0,29,2,C29,2019-08-07,3
773,0,29,0,C29,2019-10-28,2
776,1,37,1,C8,2020-09-06,2
777,1,29,2,C22,2019-11-28,2
778,0,30,1,C9,2019-06-13,2
779,1,35,2,C23,2020-05-04,1
781,1,40,2,C23,2019-12-21,3
782,1,36,1,C29,2020-06-14,2
783,0,48,2,C3,2015-10-12,1
784,0,41,2,C17,2020-06-04,3
785,0,31,1,C26,2020-07-17,2
787,0,33,1,C26,2019-08-30,3
789,1,38,0,C22,2018-11-27,2
790,0,30,1,C12,2018-11-11,2
791,1,35,0,C4,2015-10-15,2
792,1,31,2,C19,2019-10-12,2
793,1,26,2,C7,2020-10-30,3
794,0,33,2,C21,2015-05-28,2
796,0,32,2,C26,2015-08-11,2
797,0,33,2,C24,2018-10-08,1
798,0,37,0,C27,2018-08-29,2
799,1,33,1,C21,2019-06-12,2
800,0,35,0,C6,2019-06-30,2
801,0,38,1,C29,2020-08-21,3
802,0,29,2,C20,2020-12-12,3
803,0,27,2,C11,2020-04-14,1
804,0,29,2,C23,2019-11-11,2
805,0,24,1,C16,2019-01-13,1
806,1,39,0,C8,2020-02-06,3
807,1,32,1,C25,2020-11-10,3
808,0,32,1,C15,2020-05-15,3
810,0,25,1,C17,2020-04-12,2
811,0,29,2,C26,2019-10-31,2
812,0,31,2,C15,2018-05-10,1
813,1,32,0,C27,2020-02-03,2
814,0,29,2,C16,2020-11-16,1
816,0,41,2,C8,2020-12-12,2
818,1,31,2,C22,2019-08-08,2
819,0,39,1,C15,2013-01-11,2
820,0,38,2,C14,2018-05-23,1
821,1,28,2,C12,2015-08-16,1
822,1,31,0,C23,2019-07-20,1
824,1,40,0,C9,2020-12-14,1
825,1,36,2,C6,2020-11-12,3
826,0,27,0,C24,2018-09-05,1
827,0,32,2,C28,2019-12-13,2
828,0,33,0,C21,2020-02-01,3
829,1,37,0,C15,2019-09-06,3
830,0,26,2,C3,2018-07-20,1
831,0,31,2,C2,2019-07-21,1
832,1,40,0,C16,2018-03-06,1
834,0,36,1,C20,2020-07-12,3
835,0,28,1,C26,2019-12-12,2
836,0,41,0,C29,2018-01-30,2
838,1,41,2,C11,2018-03-10,1
839,0,47,0,C16,2019-08-08,2
840,1,39,0,C8,2014-11-07,1
841,1,33,1,C20,2020-09-08,2
842,0,36,1,C18,2015-07-26,1
843,1,28,1,C15,2018-02-20,1
844,0,30,0,C26,2019-08-15,1
845,0,46,1,C28,2020-05-30,2
847,0,29,1,C12,2019-09-26,2
848,1,28,1,C28,2020-11-02,2
849,1,33,1,C20,2020-10-07,3
850,0,35,2,C1,2015-06-21,2
851,0,34,1,C13,2018-11-30,1
852,0,23,1,C21,2020-04-04,2
853,1,33,0,C13,2020-08-15,2
855,0,35,0,C17,2020-09-05,2
856,1,36,0,C22,2016-04-26,1
858,0,37,1,C21,2020-05-17,2
859,0,23,2,C17,2019-05-01,1
860,0,38,0,C20,2018-03-07,1
863,1,31,2,C29,2019-08-24,1
864,1,36,1,C27,2019-06-20,2
865,1,30,2,C10,2020-07-06,3
866,0,46,0,C2,2019-09-02,1
867,1,30,0,C1,2020-09-28,2
868,1,24,0,C28,2018-07-12,2
869,0,36,0,C8,2018-08-12,1
870,1,35,1,C29,2015-07-23,1
871,1,37,0,C27,2020-01-20,2
872,0,32,2,C28,2018-10-16,1
873,1,32,2,C28,2019-03-23,1
874,0,37,0,C24,2020-04-14,3
875,1,36,1,C4,2020-08-14,3
876,1,22,0,C25,2018-07-07,1
877,0,32,0,C21,2018-08-08,2
879,0,38,0,C8,2018-03-07,1
881,0,32,0,C16,2018-04-06,2
882,0,29,0,C13,2013-12-10,2
883,0,32,0,C27,2018-10-19,1
885,1,38,2,C21,2020-09-10,2
886,1,36,2,C2,2018-09-23,1
887,0,24,1,C14,2019-05-11,1
888,0,30,1,C1,2018-06-16,1
889,0,31,1,C28,2020-06-28,3
890,1,32,0,C5,2017-08-07,1
892,1,34,0,C3,2017-10-09,2
893,1,49,0,C10,2016-05-27,1
894,0,36,0,C28,2019-05-01,3
895,0,30,2,C14,2019-09-13,1
896,1,32,2,C18,2018-08-21,1
897,0,51,1,C4,2018-10-29,1
899,0,29,0,C20,2018-06-16,1
901,1,31,1,C8,2018-07-11,2
902,0,28,1,C28,2020-04-09,2
904,1,39,1,C26,2018-05-06,3
905,0,31,0,C1,2020-07-31,2
906,1,34,1,C18,2019-08-30,3
907,1,35,1,C20,2019-08-08,1
908,0,45,1,C4,2018-10-21,1
909,0,48,1,C19,2018-11-07,2
910,0,35,2,C2,2018-09-21,1
912,0,38,0,C8,2019-12-14,3
913,0,30,1,C26,2020-12-15,3
914,1,26,2,C5,2019-12-09,1
915,0,46,0,C2,2016-01-28,1
916,0,25,0,C15,2019-01-09,1
917,0,24,2,C22,2019-05-30,1
918,1,25,2,C4,2020-08-30,1
919,1,28,2,C13,2020-07-08,2
920,0,30,0,C1,2019-10-14,2
921,1,34,2,C11,2019-11-14,2
922,1,34,1,C25,2018-10-19,1
923,1,31,2,C29,2020-02-01,2
924,0,24,2,C24,2018-08-05,2
926,0,47,0,C4,2016-07-01,1
927,0,28,2,C29,2020-04-05,1
928,1,32,0,C2,2020-01-20,3
929,0,31,1,C4,2018-07-14,2
930,1,37,2,C7,2018-10-16,1
931,1,28,0,C12,2019-01-11,3
933,1,35,1,C19,2019-07-11,3
935,1,38,0,C20,2018-10-22,1
936,0,26,2,C3,2020-05-09,1
937,0,32,0,C13,2018-07-05,1
938,1,34,2,C4,2020-04-03,3
939,1,44,0,C22,2015-07-30,1
940,1,23,2,C22,2020-01-05,1
941,1,35,1,C14,2020-08-05,3
942,0,29,2,C28,2020-02-13,2
943,0,51,0,C22,2018-09-29,1
944,1,36,0,C20,2017-11-07,1
945,1,38,2,C3,2015-05-29,2
946,0,42,1,C22,2016-04-25,1
947,1,29,1,C6,2020-12-04,3
948,1,35,2,C12,2019-09-01,1
949,1,25,2,C24,2020-05-23,1
951,0,40,0,C13,2019-10-31,3
952,0,37,0,C18,2020-11-28,1
953,0,25,0,C13,2019-01-06,1
954,0,29,0,C13,2014-08-29,1
955,0,33,2,C10,2020-03-30,3
956,0,28,1,C22,2019-10-19,2
958,0,35,0,C22,2020-05-06,2
959,1,33,1,C17,2020-07-31,3
960,1,39,2,C3,2020-12-06,3
961,1,42,2,C26,2018-12-14,1
962,0,37,1,C9,2018-08-12,1
963,0,40,1,C16,2020-10-30,1
964,0,30,0,C8,2019-11-07,2
965,0,42,2,C20,2016-05-13,1
967,0,45,2,C11,2018-05-10,2
968,0,26,1,C4,2018-09-17,1
970,0,38,0,C4,2020-09-28,3
971,0,26,2,C29,2018-11-30,3
972,0,52,0,C1,2016-01-25,1
973,0,45,0,C22,2015-07-23,1
974,1,23,1,C8,2018-03-08,1
975,1,38,1,C7,2019-09-22,1
977,1,30,1,C16,2019-04-10,1
978,0,32,2,C12,2019-05-01,2
979,1,28,2,C23,2019-07-21,1
980,0,35,2,C27,2020-09-28,2
981,1,39,0,C14,2020-06-30,3
982,0,31,1,C12,2020-07-31,3
984,0,28,2,C22,2018-05-20,1
985,0,27,1,C25,2016-11-12,1
988,0,35,1,C10,2020-04-08,3
990,1,41,1,C17,2015-06-12,1
991,0,30,1,C23,2020-04-01,2
992,0,45,1,C7,2019-07-20,1
994,0,32,2,C20,2017-12-25,2
995,0,31,1,C17,2016-01-05,1
996,0,37,2,C6,2018-05-18,1
997,0,27,0,C14,2017-10-21,2
998,0,32,0,C19,2018-02-06,1
999,1,23,1,C20,2020-05-05,2
1000,1,27,2,C3,2019-11-28,1
1001,1,37,2,C25,2018-12-01,2
1002,0,29,0,C3,2018-12-28,1
1003,0,28,0,C18,2018-08-24,1
1004,0,31,0,C14,2018-11-18,2
1005,1,30,0,C8,2018-10-08,1
1007,0,30,2,C20,2020-03-05,2
1008,0,23,1,C27,2019-11-29,1
1009,1,40,0,C19,2019-08-29,3
1010,1,33,1,C27,2013-09-27,1
1011,0,30,2,C12,2020-11-07,2
1012,0,39,0,C8,2020-06-24,3
1013,1,28,2,C14,2019-08-29,1
1014,0,26,0,C2,2020-09-28,3
1015,0,32,2,C9,2020-03-08,3
1016,1,47,2,C12,2015-10-15,1
1017,1,41,2,C14,2015-09-17,2
1019,1,32,2,C19,2020-09-27,2
1020,0,38,1,C24,2019-12-07,3
1021,0,37,0,C29,2020-06-20,1
1023,0,27,2,C26,2019-12-24,3
1024,1,27,2,C19,2020-09-05,1
1026,0,27,2,C4,2020-11-17,1
1027,1,25,1,C19,2019-05-08,1
1028,0,26,2,C15,2020-06-14,2
1029,0,24,0,C17,2020-12-18,1
1030,0,28,2,C2,2018-09-22,1
1031,0,43,1,C7,2014-07-11,2
1032,0,30,0,C7,2020-07-31,1
1033,0,27,0,C12,2019-11-16,1
1035,1,36,2,C7,2018-08-18,2
1036,1,39,2,C17,2020-04-20,3
1037,1,35,2,C10,2016-04-27,1
1038,0,31,1,C4,2019-11-11,3
1039,0,43,1,C26,2015-05-07,2
1040,0,32,2,C11,2019-08-09,2
1041,1,38,1,C18,2020-06-19,3
1043,0,32,1,C12,2015-05-14,2
1046,0,33,2,C2,2013-11-10,2
1048,1,37,2,C1,2020-07-17,2
1049,0,27,2,C26,2018-09-05,1
1050,1,30,1,C28,2018-07-01,1
1051,1,32,2,C5,2016-04-30,1
1054,1,36,1,C2,2020-09-08,3
1055,0,33,2,C6,2018-05-26,2
1056,0,32,2,C5,2020-11-09,2
1057,0,32,1,C29,2019-12-11,3
1058,1,36,0,C7,2019-12-30,2
1059,0,28,2,C2,2018-07-13,1
1060,0,32,1,C29,2019-08-18,2
1061,0,26,1,C10,2019-12-27,1
1062,1,29,0,C5,2020-03-30,2
1063,0,36,2,C20,2019-11-30,3
1064,0,33,0,C27,2019-07-18,3
1065,0,46,2,C4,2013-09-27,2
1066,0,28,0,C29,2020-09-15,1
1067,0,40,2,C6,2016-04-25,1
1069,1,36,0,C6,2018-10-12,2
1070,0,33,2,C8,2020-02-06,3
1072,0,26,2,C16,2016-11-21,1
1073,0,26,1,C20,2020-07-31,1
1075,0,39,1,C14,2018-07-27,2
1076,0,29,1,C13,2019-11-30,1
1077,1,24,0,C3,2018-05-27,1
1078,0,37,0,C25,2020-02-05,3
1079,0,40,0,C20,2020-06-28,3
1080,0,35,1,C9,2018-10-22,1
1081,1,24,2,C5,2018-05-14,1
1082,1,34,1,C27,2020-04-14,2
1083,1,26,1,C28,2019-10-28,1
1084,0,29,2,C1,2019-01-13,1
1085,1,35,2,C3,2018-10-10,2
1086,0,34,1,C25,2020-08-31,2
1087,0,35,0,C3,2020-07-31,3
1089,0,37,2,C11,2020-05-04,1
1090,0,37,0,C13,2014-06-27,2
1091,1,30,2,C22,2018-03-01,1
1092,1,29,0,C16,2018-10-02,1
1093,0,35,1,C1,2015-07-23,1
1094,1,40,0,C8,2018-01-08,2
1095,1,23,2,C20,2018-09-05,1
1096,0,26,0,C14,2020-05-22,2
1097,0,34,1,C5,2020-07-18,2
1098,0,40,1,C10,2020-05-29,3
1099,1,32,0,C3,2020-02-08,2
1101,0,32,2,C25,2018-09-09,1
1102,0,31,2,C7,2020-07-13,3
1103,0,26,2,C1,2020-07-08,1
1104,1,32,2,C7,2020-01-06,3
1105,0,42,0,C6,2018-02-06,1
1106,0,35,1,C21,2016-01-29,1
1107,0,39,2,C20,2020-11-21,3
1108,0,32,1,C15,2018-10-22,1
1109,1,35,0,C27,2015-03-12,1
1110,0,26,1,C18,2019-08-12,1
1111,0,38,2,C28,2013-02-06,3
1112,1,38,2,C13,2018-09-28,1
1113,0,35,2,C9,2019-10-10,1
1114,1,34,1,C9,2020-01-08,3
1115,0,31,2,C16,2020-09-28,2
1116,0,34,1,C17,2020-07-31,2
1117,0,34,2,C26,2018-05-08,2
1118,0,29,0,C7,2020-07-31,2
1119,1,28,1,C21,2019-11-16,1
1122,0,30,1,C18,2019-11-10,3
1123,1,42,1,C20,2016-04-30,1
1125,1,34,0,C18,2020-09-28,3
1126,0,38,1,C25,2020-04-17,2
1129,0,32,0,C6,2018-04-06,1
1130,0,26,1,C4,2019-10-31,1
1131,1,24,0,C19,2018-07-05,1
1133,1,32,2,C27,2020-11-02,1
1134,0,33,1,C19,2019-02-08,3
1136,1,35,0,C17,2018-11-30,2
1137,0,33,1,C21,2020-08-17,3
1138,0,31,2,C24,2020-05-29,3
1139,1,33,0,C25,2018-11-11,1
1140,0,25,1,C29,2018-01-08,1
1141,1,37,2,C8,2018-09-15,3
1143,0,32,2,C29,2018-05-14,1
1144,0,33,2,C4,2020-01-05,2
1145,0,31,2,C20,2020-11-28,2
1146,0,34,1,C26,2020-01-30,2
1147,1,35,0,C29,2015-10-15,2
1149,1,35,1,C28,2020-03-29,3
1150,1,34,2,C1,2020-03-13,2
1151,0,33,0,C8,2019-08-29,4
1152,1,33,0,C23,2019-05-01,2
1153,1,34,2,C9,2020-03-11,3
1154,0,33,0,C12,2018-11-24,1
1155,1,24,2,C16,2018-06-11,1
1156,0,31,1,C27,2018-09-17,1
1157,0,31,2,C3,2020-07-12,1
1158,1,32,1,C24,2019-05-08,3
1159,0,34,2,C10,2020-07-08,3
1160,0,28,0,C7,2020-02-21,1
1161,0,28,1,C12,2017-08-02,1
1162,0,36,2,C21,2020-12-14,3
1163,1,24,0,C8,2018-09-15,1
1164,1,32,2,C7,2017-04-08,1
1165,1,37,1,C16,2018-01-10,1
1166,0,35,1,C10,2020-07-08,1
1167,0,28,0,C23,2017-08-25,1
1169,0,32,1,C21,2020-07-31,3
1172,0,28,1,C9,2019-01-12,2
1173,0,39,2,C22,2016-06-05,1
1175,1,41,2,C27,2017-06-12,1
1177,0,25,0,C27,2019-01-11,1
1178,0,41,1,C16,2020-09-03,3
1179,1,50,1,C18,2017-01-13,1
1180,1,33,1,C16,2020-06-14,2
1181,1,32,1,C22,2015-05-11,1
1182,0,38,0,C24,2020-08-06,3
1183,0,34,0,C12,2020-01-30,3
1185,0,27,2,C24,2018-10-02,1
1186,1,30,1,C27,2018-02-13,2
1187,1,30,2,C8,2019-07-29,3
1188,1,31,0,C8,2013-03-05,2
1189,0,26,1,C19,2020-04-17,1
1190,0,28,0,C1,2020-04-10,2
1191,0,35,2,C7,2017-06-23,1
1192,1,24,2,C5,2019-11-07,1
1193,0,29,2,C28,2019-11-15,2
1194,1,24,0,C15,2020-12-13,2
1195,1,33,1,C27,2020-12-18,2
1196,0,25,0,C23,2018-11-30,2
1197,1,22,0,C6,2019-06-21,1
1198,0,32,2,C4,2020-08-14,2
1199,0,24,0,C28,2020-09-28,1
1200,0,38,1,C20,2020-01-05,3
1201,0,42,2,C22,2020-11-20,2
1202,1,30,2,C10,2018-06-15,2
1203,0,27,1,C22,2020-02-08,2
1204,0,36,0,C18,2018-05-13,1
1205,0,27,1,C14,2018-07-21,2
1206,1,41,1,C15,2019-06-28,2
1207,0,28,0,C24,2020-12-04,2
1208,0,30,2,C10,2019-08-01,1
1209,0,35,1,C21,2020-11-30,3
1210,0,37,0,C25,2020-12-19,2
1211,1,27,2,C1,2020-06-22,3
1212,0,26,0,C9,2018-05-16,1
1213,0,47,2,C7,2018-07-09,1
1214,0,37,2,C20,2020-01-08,2
1215,0,26,0,C28,2020-05-29,1
1216,0,30,1,C1,2019-08-13,1
1217,0,38,2,C5,2019-01-08,1
1218,0,27,1,C12,2019-10-13,2
1219,1,22,0,C20,2019-10-25,1
1220,1,37,2,C29,2019-11-15,3
1222,1,32,2,C20,2019-07-13,2
1223,0,28,2,C14,2020-01-16,2
1224,0,33,2,C28,2019-03-09,3
1225,1,28,1,C11,2016-04-25,1
1226,0,32,0,C7,2018-05-13,1
1227,1,33,2,C12,2020-11-30,2
1228,0,32,1,C9,2019-08-09,1
1229,0,34,0,C17,2017-12-17,1
1230,1,35,2,C8,2020-01-05,3
1231,1,44,2,C7,2020-07-31,3
1232,0,29,2,C27,2015-05-31,2
1233,1,31,1,C5,2019-06-20,2
1234,0,36,1,C28,2018-06-29,1
1235,0,33,0,C3,2019-08-12,1
1236,0,41,1,C10,2016-11-14,1
1238,0,27,0,C12,2015-11-26,2
1239,1,23,2,C3,2018-10-03,1
1242,1,43,2,C24,2020-10-02,3
1243,1,38,2,C27,2016-07-18,1
1244,1,35,0,C10,2020-05-19,2
1245,0,31,1,C20,2020-03-07,2
1246,1,30,1,C11,2018-11-18,1
1247,0,31,0,C29,2019-01-12,1
1248,1,35,1,C27,2019-07-25,1
1249,0,22,1,C5,2020-01-14,1
1250,1,39,2,C14,2018-05-22,1
1251,1,37,1,C25,2019-04-07,3
1252,1,23,0,C6,2020-05-30,2
1255,0,41,0,C2,2020-04-24,3
1258,1,29,0,C23,2019-07-21,2
1259,0,37,1,C21,2018-07-05,1
1260,1,31,0,C17,2018-12-28,1
1261,0,28,0,C17,2016-11-25,2
1262,0,31,0,C20,2018-06-16,2
1263,0,37,1,C16,2019-12-12,2
1264,1,27,2,C19,2016-04-29,1
1265,0,33,0,C7,2018-06-24,1
1267,0,29,2,C19,2019-10-31,1
1268,0,38,2,C26,2020-01-09,2
1269,1,36,0,C2,2016-04-27,1
1271,1,37,0,C12,2018-08-31,5
1272,1,32,1,C20,2020-07-18,2
1273,1,32,2,C11,2020-07-12,2
1274,0,52,2,C15,2018-08-06,1
1275,1,30,0,C18,2018-09-23,1
1276,0,36,1,C22,2019-10-21,1
1277,0,32,1,C22,2019-06-05,2
1278,0,31,2,C5,2020-11-04,3
1279,1,24,1,C3,2018-10-26,1
1280,1,41,1,C20,2018-10-10,3
1281,0,29,0,C10,2019-08-29,3
1283,1,27,0,C7,2019-07-30,2
1284,1,27,1,C2,2019-11-14,1
1285,0,30,2,C12,2018-10-27,2
1286,0,34,0,C15,2020-02-10,3
1287,1,26,1,C7,2018-05-28,1
1288,0,33,1,C20,2019-05-10,3
1289,0,35,2,C1,2018-05-30,1
1290,1,35,2,C24,2019-08-15,1
1294,0,23,2,C20,2020-09-28,3
1295,0,31,2,C23,2016-04-29,1
1296,0,25,2,C19,2018-06-06,1
1297,1,37,1,C20,2018-07-12,1
1298,1,35,1,C28,2019-04-07,2
1300,0,35,2,C19,2019-02-11,1
1301,0,32,1,C7,2019-11-07,2
1303,1,33,2,C26,2019-10-26,2
1304,1,26,1,C21,2019-07-30,1
1305,1,25,0,C24,2018-08-10,1
1306,1,35,0,C15,2018-05-22,1
1307,0,35,0,C17,2019-04-05,3
1308,0,36,0,C29,2019-05-09,3
1309,0,33,1,C11,2019-04-04,3
1312,1,21,0,C6,2018-05-30,1
1314,0,28,2,C13,2018-05-20,1
1315,0,33,1,C6,2019-04-25,2
1316,1,33,1,C28,2018-10-23,2
1318,0,29,2,C8,2019-08-16,3
1319,1,39,2,C5,2020-01-19,1
1320,0,36,2,C22,2020-02-01,2
1321,0,34,0,C20,2020-05-22,2
1322,0,28,1,C2,2020-09-28,2
1323,1,43,1,C6,2019-04-08,1
1324,0,38,1,C22,2020-11-28,3
1325,0,34,2,C25,2020-04-09,3
1326,1,27,1,C20,2019-10-14,1
1327,1,38,0,C29,2019-06-20,1
1328,1,26,1,C4,2020-11-29,1
1329,0,31,2,C29,2018-10-09,1
1330,1,45,0,C3,2017-11-07,1
1331,1,39,1,C7,2018-09-29,1
1333,1,34,2,C11,2020-09-28,2
1334,0,38,1,C19,2019-07-18,4
1335,0,32,2,C18,2015-08-13,2
1336,0,28,2,C29,2020-05-29,3
1337,1,50,1,C10,2015-07-23,2
1338,0,33,0,C28,2020-01-02,3
1339,0,30,0,C5,2019-10-25,1
1340,0,32,1,C15,2018-11-18,2
1341,0,35,0,C21,2020-07-31,3
1342,1,32,0,C20,2019-11-24,2
1343,1,35,1,C26,2013-01-10,2
1345,0,28,0,C29,2020-07-18,2
1347,0,31,0,C25,2019-05-27,2
1348,0,36,2,C25,2019-06-23,2
1349,0,32,0,C4,2017-08-19,1
1350,0,39,0,C15,2018-12-06,2
1351,0,27,0,C8,2020-07-11,2
1352,0,33,1,C15,2020-01-08,2
1353,0,44,0,C12,2018-09-06,2
1354,1,33,2,C20,2018-09-10,2
1356,1,30,2,C11,2019-08-08,2
1357,0,38,2,C29,2020-01-13,3
1358,0,32,1,C22,2020-05-12,2
1359,0,31,2,C1,2019-05-07,2
1360,0,32,0,C20,2019-11-30,4
1361,0,39,2,C17,2018-11-21,1
1362,0,29,1,C20,2019-09-28,2
1363,1,44,0,C19,2015-07-26,2
1364,1,42,1,C12,2020-11-04,3
1365,0,29,2,C18,2019-05-25,1
1366,0,38,0,C22,2020-09-19,2
1369,1,28,0,C10,2018-01-01,1
1370,1,35,2,C22,2018-05-22,1
1371,0,25,0,C26,2018-06-27,1
1372,1,30,2,C21,2020-07-17,1
1373,0,33,2,C26,2019-06-06,2
1374,0,32,1,C5,2018-09-06,1
1375,1,47,2,C1,2018-09-21,1
1376,0,23,2,C23,2018-09-07,1
1378,1,27,0,C28,2020-11-07,2
1379,0,29,0,C1,2020-03-11,2
1380,1,28,1,C17,2018-10-30,2
1381,1,41,2,C9,2020-02-10,3
1382,1,32,2,C16,2019-05-07,3
1383,0,28,0,C19,2019-02-08,2
1384,0,33,0,C20,2015-10-25,1
1385,1,31,0,C23,2020-04-27,3
1386,1,27,2,C26,2019-06-25,1
1387,0,35,2,C15,2019-07-21,2
1388,0,32,0,C26,2018-12-24,2
1390,0,50,0,C15,2016-11-28,2
1392,1,40,1,C13,2013-12-08,1
1393,0,30,2,C3,2020-06-22,2
1394,0,36,1,C25,2018-09-17,2
1395,1,46,2,C5,2019-02-08,1
1396,0,31,1,C16,2018-05-23,2
1397,1,36,1,C11,2019-04-07,3
1398,1,32,1,C18,2018-09-19,2
1399,1,36,2,C16,2020-07-17,2
1400,0,39,2,C4,2020-02-03,2
1401,1,32,1,C4,2020-06-09,3
1402,1,33,0,C6,2018-02-18,1
1403,0,36,0,C1,2018-06-29,2
1405,0,31,1,C12,2019-07-07,3
1406,0,32,1,C28,2016-04-27,1
1407,0,26,1,C26,2019-09-12,1
1409,1,33,1,C5,2019-07-07,3
1410,0,24,2,C5,2020-03-07,1
1411,0,39,0,C8,2019-11-15,3
1412,0,34,1,C12,2020-11-28,3
1413,0,26,2,C29,2018-05-21,1
1414,1,29,1,C29,2017-06-11,1
1415,0,29,1,C20,2019-01-11,1
1416,1,32,1,C17,2020-09-28,1
1417,0,38,2,C20,2019-08-15,1
1418,0,31,2,C17,2018-01-12,1
1419,0,34,0,C23,2020-10-07,1
1421,0,26,1,C21,2020-06-28,3
1422,1,30,2,C12,2018-08-25,2
1424,0,31,0,C24,2018-10-08,2
1425,0,26,0,C16,2018-01-28,1
1426,0,35,1,C1,2017-06-11,1
1428,0,26,0,C2,2020-07-08,3
1429,1,32,1,C7,2018-12-09,1
1430,1,31,0,C6,2020-02-01,2
1431,1,37,1,C7,2018-11-18,2
1432,0,32,0,C26,2018-10-13,1
1433,0,25,0,C16,2020-07-31,3
1434,0,37,1,C21,2020-09-28,3
1435,1,25,2,C15,2019-02-01,1
1436,0,25,0,C8,2020-01-30,2
1437,1,34,2,C3,2019-11-28,2
1438,0,37,0,C10,2020-09-28,3
1439,1,31,1,C7,2019-01-13,1
1441,0,28,1,C10,2019-11-15,2
1442,0,27,0,C13,2019-11-11,2
1443,1,36,1,C26,2018-03-10,2
1444,1,29,2,C6,2017-03-11,1
1446,1,37,2,C8,2015-09-02,2
1447,0,44,2,C29,2020-05-06,3
1448,1,36,0,C8,2020-11-28,2
1449,1,25,0,C10,2019-11-16,1
1450,1,30,1,C6,2018-07-12,2
1451,1,25,1,C25,2018-08-08,1
1452,0,30,2,C24,2020-01-14,1
1453,0,30,0,C20,2018-09-28,1
1454,0,33,2,C3,2020-04-17,3
1455,0,30,1,C17,2020-11-01,2
1456,0,32,1,C9,2019-02-12,2
1457,0,35,1,C12,2020-12-07,3
1458,1,27,2,C17,2018-01-09,2
1459,0,34,2,C25,2018-10-09,2
1461,0,44,0,C10,2015-09-24,2
1462,1,26,2,C18,2020-10-16,2
1463,0,41,1,C2,2018-08-25,1
1464,1,47,2,C25,2018-07-07,1
1465,0,34,0,C17,2018-03-12,3
1466,0,41,1,C2,2019-05-01,2
1468,0,30,1,C20,2020-01-09,3
1469,0,27,0,C9,2019-08-30,1
1470,0,29,0,C28,2018-02-17,1
1471,0,35,1,C27,2016-05-27,1
1472,1,40,2,C22,2014-07-18,2
1473,0,41,0,C26,2018-07-17,3
1474,0,27,1,C27,2019-10-17,2
1475,0,27,1,C21,2020-01-02,3
1476,0,33,1,C14,2020-06-13,2
1477,0,29,2,C8,2019-06-07,4
1479,0,36,0,C5,2020-06-02,3
1480,1,29,0,C25,2018-11-12,2
1481,1,35,1,C2,2019-06-01,1
1482,1,38,1,C27,2020-11-04,3
1483,1,23,2,C13,2018-07-07,1
1484,0,44,0,C2,2014-09-14,2
1485,0,25,1,C21,2020-03-29,1
1486,1,43,0,C15,2016-09-12,1
1487,0,29,2,C26,2018-12-28,1
1489,0,29,1,C8,2020-08-18,2
1490,1,38,0,C21,2020-03-20,2
1491,0,25,1,C20,2020-04-18,2
1492,0,42,0,C1,2020-04-10,3
1493,0,26,2,C19,2019-07-21,1
1494,1,32,0,C18,2018-09-05,1
1495,0,29,2,C22,2020-06-29,2
1498,1,28,0,C12,2020-04-05,2
1500,0,31,2,C18,2020-06-13,3
1501,0,38,2,C5,2020-11-17,3
1502,1,35,2,C21,2019-09-28,2
1504,0,48,2,C8,2018-02-03,2
1505,1,26,1,C22,2020-03-07,3
1506,1,31,1,C14,2019-08-15,1
1507,1,39,2,C19,2018-10-28,2
1508,0,32,0,C23,2013-07-21,2
1509,0,33,1,C27,2019-07-20,2
1510,1,26,1,C16,2017-07-14,1
1512,0,31,1,C23,2019-05-05,2
1513,1,24,0,C28,2018-06-07,1
1514,0,32,0,C20,2020-01-08,3
1515,0,35,2,C24,2020-10-31,3
1516,1,34,2,C12,2019-07-07,2
1517,1,41,2,C11,2015-09-20,1
1518,1,36,2,C15,2020-01-09,3
1520,0,31,2,C5,2013-10-30,1
1521,0,31,1,C20,2020-07-12,1
1522,1,30,2,C6,2020-08-05,2
1523,1,28,2,C2,2020-03-01,1
1524,1,35,0,C13,2018-09-24,2
1525,1,28,0,C13,2018-08-17,2
1526,0,32,2,C1,2016-12-24,1
1527,0,31,2,C5,2020-08-05,2
1528,0,42,2,C25,2018-11-30,2
1529,1,37,0,C5,2020-07-11,1
1530,0,26,2,C20,2020-07-25,1
1531,0,31,2,C25,2017-01-21,2
1532,0,36,1,C2,2019-09-15,2
1533,1,32,0,C22,2020-09-21,3
1534,1,29,0,C26,2020-02-23,3
1536,0,27,2,C15,2019-07-19,1
1540,0,31,2,C5,2016-04-29,1
1541,0,40,0,C4,2020-05-15,1
1542,1,39,0,C6,2018-11-13,1
1543,0,44,1,C4,2018-06-18,1
1544,0,37,1,C13,2019-10-31,2
1547,1,33,2,C13,2020-02-01,2
1548,0,27,1,C20,2018-10-19,1
1549,1,34,1,C21,2015-08-30,1
1550,0,30,1,C2,2020-03-10,2
1553,1,44,0,C1,2019-06-23,1
1555,0,28,1,C23,2018-06-23,1
1556,1,30,0,C26,2020-08-06,1
1557,0,32,2,C12,2019-05-23,1
1558,0,30,0,C22,2018-09-29,2
1559,1,38,2,C14,2018-06-25,1
1560,0,35,1,C7,2015-08-13,1
1561,0,31,0,C25,2019-11-15,1
1562,1,25,2,C17,2018-10-06,1
1563,1,41,2,C27,2019-06-21,2
1565,1,35,1,C9,2018-10-23,1
1566,1,31,0,C6,2020-06-28,3
1567,0,36,1,C22,2019-07-29,3
1568,0,34,1,C20,2020-11-12,2
1569,0,23,2,C21,2018-05-13,1
1570,1,33,2,C21,2019-10-31,2
1571,0,23,2,C16,2019-09-28,1
1572,0,30,0,C8,2019-06-06,2
1573,1,29,1,C8,2015-07-30,1
1574,0,27,0,C14,2019-06-28,2
1575,0,34,2,C15,2019-08-30,3
1576,0,28,2,C26,2020-04-04,3
1577,1,31,0,C24,2019-09-17,2
1578,0,41,2,C13,2018-05-10,2
1579,0,23,0,C10,2019-10-12,1
1580,0,27,0,C27,2019-05-09,2
1581,0,29,0,C15,2019-06-30,1
1582,0,39,1,C3,2018-08-31,2
1583,1,27,0,C16,2018-07-05,1
1585,0,47,1,C7,2013-06-16,2
1586,1,30,0,C6,2020-09-20,2
1587,1,46,0,C20,2018-02-17,2
1588,0,40,1,C5,2015-09-20,1
1589,0,38,2,C15,2018-10-26,3
1590,1,31,0,C17,2020-05-06,2
1591,0,28,1,C19,2018-12-16,2
1592,1,25,2,C29,2020-03-05,1
1593,0,27,0,C28,2020-11-23,2
1594,0,33,1,C20,2020-07-31,3
1595,0,28,1,C22,2018-04-08,1
1597,1,38,1,C17,2015-05-31,2
1598,0,34,2,C20,2019-04-10,4
1599,1,29,2,C9,2020-04-07,3
1600,0,36,2,C14,2019-08-13,3
1601,0,31,0,C12,2019-08-29,2
1602,0,38,0,C10,2018-12-09,1
1603,1,28,2,C20,2018-10-14,1
1605,0,42,0,C16,2020-05-05,1
1606,1,42,1,C12,2014-08-22,1
1607,0,26,2,C15,2020-10-01,3
1609,1,22,0,C5,2019-11-29,1
1610,0,38,1,C7,2019-05-30,2
1611,0,31,1,C4,2018-08-01,1
1612,0,33,0,C27,2018-10-14,2
1613,0,32,0,C26,2020-01-25,2
1614,0,42,1,C27,2018-09-07,2
1616,0,44,1,C14,2017-10-23,5
1617,0,34,2,C3,2020-03-13,1
1618,0,29,1,C1,2020-03-11,2
1619,1,33,0,C16,2020-08-12,2
1621,0,27,2,C25,2018-01-19,1
1622,0,35,0,C20,2020-09-28,2
1623,0,35,2,C5,2015-02-08,1
1624,1,30,1,C13,2018-02-12,3
1625,0,40,2,C29,2020-11-22,3
1626,0,40,2,C1,2020-03-11,4
1627,0,31,1,C1,2019-06-28,2
1628,0,37,0,C27,2020-04-20,3
1629,0,37,0,C12,2014-01-08,2
1630,1,35,1,C28,2019-12-12,2
1631,1,23,2,C6,2018-01-13,1
1632,1,36,1,C3,2020-06-12,2
1633,1,30,0,C29,2019-11-29,2
1634,1,22,1,C21,2020-09-14,1
1635,0,29,0,C20,2018-12-31,1
1636,0,31,2,C12,2020-03-29,3
1637,1,34,2,C1,2020-03-08,3
1638,1,31,1,C2,2019-11-04,3
1639,0,46,1,C8,2018-01-09,1
1640,0,27,1,C28,2019-09-11,3
1642,0,48,2,C29,2018-05-09,2
1643,0,36,1,C25,2018-10-09,1
1644,1,46,1,C9,2014-04-28,2
1645,0,24,0,C3,2019-04-10,1
1646,1,33,2,C1,2020-05-15,3
1647,0,25,2,C3,2018-03-09,1
1650,1,31,0,C23,2020-11-12,2
1651,0,42,0,C18,2018-10-21,1
1652,0,33,1,C3,2020-01-05,3
1653,1,32,0,C19,2020-04-27,1
1655,1,32,1,C11,2015-06-08,1
1657,0,38,0,C10,2015-06-09,1
1658,1,29,2,C22,2019-11-21,1
1659,1,25,1,C22,2019-01-08,2
1661,0,42,1,C20,2016-05-17,1
1662,1,41,0,C1,2015-09-20,1
1663,0,36,2,C5,2019-11-19,2
1664,1,51,1,C27,2016-01-28,1
1665,0,34,1,C12,2020-04-26,2
1666,0,34,1,C21,2020-07-31,2
1667,0,42,1,C29,2019-02-04,3
1668,1,32,0,C15,2019-09-08,2
1669,0,21,0,C25,2019-08-09,1
1670,1,33,1,C1,2018-07-03,1
1671,1,29,0,C9,2019-02-12,3
1672,1,36,1,C14,2017-06-01,4
1673,1,51,2,C14,2018-06-23,1
1674,1,34,2,C1,2019-10-18,1
1675,1,40,2,C14,2018-07-13,1
1676,1,35,2,C27,2020-02-08,2
1677,1,33,2,C10,2018-03-01,2
1678,0,32,0,C16,2017-11-29,2
1679,0,34,2,C12,2018-07-27,1
1680,1,31,1,C9,2020-04-01,2
1681,0,29,2,C18,2018-08-20,1
1682,0,23,2,C24,2020-05-29,2
1683,1,39,0,C9,2020-01-05,3
1685,1,33,1,C25,2018-04-08,1
1686,0,34,0,C15,2020-09-06,1
1687,0,33,2,C3,2020-09-02,1
1688,0,28,2,C28,2019-08-22,2
1689,1,36,2,C3,2019-06-22,3
1690,0,34,1,C28,2013-09-10,2
1692,0,34,2,C3,2019-02-08,3
1693,1,33,1,C21,2020-09-01,2
1694,0,28,1,C15,2016-04-22,1
1695,0,34,2,C2,2020-03-17,3
1696,1,43,2,C8,2020-08-29,2
1697,1,26,0,C14,2020-03-02,1
1699,1,30,0,C21,2020-03-07,1
1701,1,32,0,C9,2019-12-19,1
1702,0,38,0,C3,2019-11-01,2
1703,1,27,0,C2,2019-07-28,1
1704,1,29,1,C18,2018-03-21,1
1706,1,30,2,C16,2020-09-05,3
1707,1,34,0,C6,2020-11-09,1
1708,0,25,0,C19,2020-12-15,2
1709,0,33,0,C17,2019-04-08,1
1710,1,43,1,C7,2020-02-10,3
1712,0,27,1,C18,2020-04-09,3
1714,0,26,1,C26,2016-01-28,1
1715,0,29,0,C23,2019-12-01,2
1716,1,32,0,C7,2016-05-17,1
1717,0,24,2,C2,2020-05-22,1
1718,1,34,0,C26,2013-02-10,2
1719,1,45,0,C3,2018-01-10,1
1720,0,33,0,C29,2019-10-12,3
1721,1,36,0,C5,2018-12-09,2
1722,0,40,2,C27,2015-07-30,1
1723,0,29,1,C1,2020-10-30,1
1724,0,39,1,C1,2020-12-09,2
1725,0,25,0,C2,2020-09-28,2
1726,0,29,1,C8,2019-06-06,1
1727,0,34,0,C1,2018-06-18,1
1728,0,40,2,C24,2020-10-18,2
1729,1,38,0,C11,2014-10-31,1
1730,0,42,0,C9,2018-05-26,1
1731,1,29,0,C28,2013-09-27,1
1732,1,39,1,C10,2018-09-06,1
1733,0,41,2,C8,2016-04-25,1
1734,0,25,2,C19,2018-01-13,1
1735,0,30,1,C21,2020-07-14,3
1736,0,32,1,C27,2018-12-21,1
1737,0,29,1,C10,2020-11-04,1
1738,0,27,1,C26,2016-04-17,1
1739,0,30,1,C7,2020-05-22,2
1740,1,27,2,C22,2020-05-12,1
1741,0,39,1,C12,2020-05-29,3
1742,1,32,2,C27,2020-05-17,3
1743,0,37,0,C18,2018-11-08,2
1744,0,23,0,C22,2018-08-31,1
1745,0,29,2,C18,2014-12-19,2
1746,1,49,2,C12,2018-09-24,1
1749,1,32,2,C1,2016-08-08,1
1751,0,30,2,C5,2019-08-30,2
1752,1,34,1,C15,2020-04-17,3
1753,0,39,0,C13,2015-07-19,1
1754,1,25,2,C10,2019-09-01,1
1755,0,29,1,C2,2019-12-11,2
1756,1,40,1,C13,2017-11-13,2
1757,1,34,1,C3,2020-11-03,1
1758,0,40,2,C27,2019-12-30,3
1759,0,31,2,C28,2018-08-18,1
1760,0,30,1,C4,2018-02-12,1
1761,0,39,2,C20,2016-02-18,5
1763,1,22,0,C12,2019-11-30,1
1764,0,38,2,C7,2020-03-08,3
1766,0,32,1,C20,2020-10-24,3
1769,0,32,2,C2,2018-08-07,1
1770,1,36,2,C4,2016-02-05,1
1771,1,34,0,C15,2020-01-03,2
1773,1,27,2,C11,2018-05-18,1
1774,0,35,2,C23,2020-06-19,2
1775,1,37,1,C18,2020-10-30,3
1776,0,36,2,C11,2020-07-25,2
1778,0,28,2,C3,2018-06-15,2
1779,0,27,0,C3,2020-04-07,1
1781,0,38,2,C25,2020-06-02,3
1782,1,39,1,C18,2015-12-11,1
1783,0,43,0,C14,2018-07-31,1
1784,1,30,2,C23,2016-11-25,1
1785,0,31,1,C27,2020-07-31,3
1786,0,24,1,C9,2018-09-23,1
1788,1,32,1,C4,2019-05-12,2
1789,0,31,1,C25,2019-04-07,1
1791,0,41,1,C29,2020-11-17,2
1792,0,39,0,C26,2018-07-17,3
1793,1,27,2,C24,2020-05-17,2
1795,0,29,1,C14,2018-01-22,2
1796,0,37,2,C6,2019-08-10,2
1797,0,25,1,C8,2019-12-15,1
1800,0,31,1,C3,2019-08-10,2
1801,1,26,1,C16,2020-05-30,1
1802,0,25,2,C18,2020-06-11,2
1803,0,33,2,C3,2018-09-05,1
1804,0,30,2,C15,2020-04-10,3
1805,0,39,0,C19,2020-05-29,3
1807,0,29,1,C2,2020-09-19,1
1808,0,51,1,C6,2018-09-09,3
1809,0,37,1,C22,2019-06-15,2
1810,0,36,0,C13,2018-05-10,1
1811,0,35,2,C9,2017-06-30,1
1812,1,35,0,C23,2020-12-13,3
1813,0,43,2,C14,2019-12-07,4
1814,1,25,0,C4,2016-01-28,1
1815,0,32,1,C3,2020-09-14,2
1816,1,27,0,C7,2018-10-19,1
1817,1,39,1,C8,2015-07-26,1
1818,0,30,2,C25,2020-05-15,2
1819,0,23,1,C16,2020-08-29,1
1820,1,37,1,C20,2018-10-12,2
1823,0,43,0,C25,2018-05-08,2
1824,0,22,0,C26,2018-09-23,1
1825,0,51,0,C13,2018-05-30,1
1826,0,31,1,C7,2019-01-07,3
1828,0,34,0,C16,2020-06-09,3
1829,1,32,1,C2,2018-02-12,1
1830,0,33,0,C6,2020-01-30,1
1831,0,38,1,C5,2020-07-13,3
1832,0,40,2,C4,2018-05-06,5
1834,0,39,0,C17,2019-06-29,2
1835,0,28,2,C1,2018-07-05,1
1836,1,34,0,C20,2020-05-22,2
1837,0,30,0,C15,2020-06-19,2
1838,1,28,2,C7,2018-09-14,1
1839,0,38,0,C2,2020-10-27,1
1840,1,29,1,C6,2017-11-21,1
1841,0,31,0,C24,2014-02-09,1
1842,1,28,0,C23,2020-06-29,2
1843,0,35,0,C6,2020-11-02,3
1844,1,41,1,C1,2018-12-21,1
1845,0,30,2,C9,2018-05-20,1
1846,1,38,1,C3,2020-06-26,2
1847,1,33,1,C24,2018-12-05,1
1848,0,28,2,C13,2019-04-11,1
1849,0,31,2,C6,2018-01-22,1
1850,1,34,2,C20,2020-05-05,2
1851,1,41,0,C21,2018-11-18,2
1852,0,54,1,C3,2018-06-15,1
1853,0,26,2,C29,2015-09-08,1
1854,0,43,0,C21,2015-07-19,1
1855,0,30,2,C17,2019-02-12,2
1856,1,49,1,C1,2017-02-12,1
1858,1,25,2,C28,2019-06-29,1
1859,0,33,0,C22,2017-12-15,1
1860,0,34,1,C14,2019-01-12,2
1861,0,39,0,C16,2018-07-05,1
1862,1,44,0,C25,2019-01-14,2
1863,0,29,1,C27,2020-09-08,2
1864,1,32,1,C29,2014-11-08,1
1865,0,41,2,C11,2018-11-30,2
1866,0,33,1,C12,2019-10-12,1
1867,1,25,2,C20,2017-05-02,1
1868,1,43,0,C27,2016-03-27,1
1869,1,32,1,C21,2020-04-01,3
1871,0,28,0,C5,2020-07-31,2
1872,1,35,0,C12,2020-03-27,3
1873,1,33,0,C8,2020-02-10,2
1874,0,36,1,C26,2018-09-05,2
1875,1,43,2,C2,2016-01-21,1
1876,0,37,1,C15,2018-02-05,1
1877,1,39,0,C26,2019-04-29,1
1878,1,29,0,C6,2018-10-12,2
1879,0,45,1,C21,2017-01-11,3
1880,1,33,0,C14,2020-11-12,2
1882,0,33,1,C17,2019-11-18,3
1883,1,34,0,C12,2019-12-28,3
1884,0,30,1,C24,2020-05-29,1
1886,0,29,1,C16,2018-07-13,1
1887,0,33,1,C20,2017-07-02,1
1888,1,26,0,C20,2020-04-02,2
1889,1,30,0,C10,2020-01-02,2
1890,1,32,1,C14,2019-07-22,3
1891,1,33,1,C27,2018-06-11,3
1892,0,42,2,C19,2015-07-19,1
1893,0,38,1,C26,2017-01-20,5
1894,1,33,2,C7,2020-09-02,3
1895,0,26,2,C28,2020-06-24,1
1896,1,41,0,C15,2018-07-12,2
1897,0,32,2,C16,2019-07-04,2
1898,0,37,0,C16,2019-08-31,3
1899,0,30,2,C15,2017-11-26,1
1900,0,29,0,C13,2019-11-17,1
1901,0,28,2,C11,2019-11-07,3
1902,1,35,0,C9,2020-07-08,2
1904,0,27,0,C14,2016-03-06,2
1905,0,28,2,C5,2020-04-08,3
1906,0,34,1,C23,2018-02-19,2
1908,1,27,0,C8,2020-08-15,2
1909,1,31,2,C21,2019-03-11,3
1911,1,40,2,C15,2019-02-11,3
1912,1,24,0,C1,2015-07-16,1
1913,0,34,0,C26,2017-08-12,2
1914,0,32,2,C3,2020-05-24,1
1916,1,37,2,C16,2018-05-18,1
1917,0,30,2,C4,2018-06-18,1
1918,1,29,0,C21,2017-08-14,1
1919,0,33,2,C21,2019-09-28,3
1922,0,27,1,C20,2019-10-31,2
1924,1,30,1,C10,2018-12-02,2
1925,0,27,1,C4,2020-12-15,2
1926,0,30,2,C26,2018-01-22,1
1927,0,42,0,C20,2017-11-12,1
1928,0,28,1,C13,2019-11-29,3
1929,0,30,2,C9,2019-12-30,2
1930,0,37,1,C29,2016-11-28,1
1932,1,27,1,C7,2018-05-21,2
1933,1,32,0,C24,2018-10-20,1
1934,0,26,2,C7,2019-08-29,2
1935,0,31,0,C8,2018-09-11,1
1936,0,24,1,C22,2018-04-09,1
1937,0,26,1,C28,2019-06-10,3
1938,0,36,2,C15,2020-01-30,3
1939,1,27,2,C1,2017-11-14,1
1941,1,27,2,C7,2020-07-04,2
1942,1,36,1,C27,2019-09-15,2
1944,1,45,1,C11,2018-12-03,1
1947,1,32,0,C27,2019-06-07,2
1948,0,27,1,C3,2020-09-21,1
1949,1,30,1,C3,2019-10-29,3
1950,1,26,0,C3,2020-10-01,2
1951,0,30,0,C29,2019-05-30,3
1952,0,27,2,C10,2017-08-07,1
1954,0,30,0,C9,2019-07-10,1
1955,0,29,1,C3,2020-11-12,3
1956,0,36,1,C14,2020-07-17,3
1957,1,36,0,C21,2015-06-09,1
1958,1,27,0,C25,2019-11-30,1
1959,0,35,2,C26,2018-06-19,1
1960,1,29,0,C1,2020-10-02,2
1962,0,28,2,C15,2020-07-31,3
1963,0,32,0,C11,2020-07-17,2
1965,0,36,1,C19,2020-09-28,3
1967,0,41,0,C29,2018-06-18,1
1968,0,38,1,C15,2018-07-13,1
1970,0,23,1,C20,2018-12-21,2
1971,0,25,0,C16,2020-12-20,2
1972,1,29,0,C18,2020-01-02,1
1973,0,36,1,C14,2018-11-30,1
1975,1,35,1,C2,2019-06-20,1
1976,1,31,2,C20,2018-07-31,2
1977,1,35,0,C8,2019-09-17,1
1978,0,41,0,C17,2018-09-12,1
1979,0,33,1,C25,2018-12-09,1
1980,0,35,0,C29,2020-05-05,3
1981,1,39,2,C27,2020-08-18,2
1982,1,33,1,C1,2019-05-11,2
1983,1,49,2,C23,2018-02-07,1
1984,0,35,1,C7,2019-07-11,2
1987,0,24,2,C4,2018-10-21,2
1988,0,39,0,C24,2019-06-13,3
1989,0,36,2,C7,2020-01-25,3
1990,0,22,0,C28,2018-04-05,1
1991,0,30,2,C20,2019-06-29,2
1992,1,35,2,C26,2018-12-26,1
1993,0,31,0,C21,2020-11-03,2
1994,0,37,1,C10,2020-10-07,3
1995,0,34,0,C5,2019-06-01,1
1996,0,36,1,C13,2018-05-23,1
1997,0,34,1,C11,2018-05-19,1
1998,0,35,0,C15,2019-07-11,2
1999,1,27,1,C19,2020-10-30,1
2000,0,24,2,C14,2019-08-24,1
2001,1,27,1,C23,2020-07-08,1
2002,0,34,1,C6,2013-06-18,2
2003,1,26,1,C27,2020-09-28,2
2005,0,25,2,C13,2019-11-17,1
2007,1,27,0,C16,2020-06-28,3
2008,1,33,0,C27,2017-12-26,1
2009,1,28,0,C10,2019-07-12,1
2010,0,32,1,C25,2019-12-30,2
2012,0,27,1,C3,2020-09-01,2
2013,1,36,2,C20,2018-05-15,1
2014,1,30,2,C8,2020-07-02,2
2015,1,33,2,C22,2018-03-16,1
2016,1,23,2,C1,2016-04-29,1
2017,0,44,1,C4,2016-12-09,1
2018,0,24,0,C21,2020-02-10,2
2019,1,39,1,C16,2019-10-06,2
2020,0,33,1,C3,2020-01-30,3
2021,0,24,2,C25,2018-05-05,1
2022,0,30,0,C23,2019-02-09,3
2023,1,38,0,C8,2018-06-19,2
2024,0,33,2,C20,2019-07-10,1
2025,0,28,0,C4,2019-11-18,1
2026,1,31,2,C26,2020-11-10,1
2027,1,34,1,C8,2015-08-10,1
2028,1,40,2,C27,2018-12-22,2
2030,1,32,0,C21,2020-05-12,2
2031,0,26,0,C4,2018-05-26,2
2032,0,29,0,C7,2020-10-27,3
2033,0,28,2,C21,2018-07-31,1
2034,1,26,2,C10,2018-05-14,1
2035,0,42,0,C6,2018-05-22,1
2036,1,28,0,C21,2018-11-30,2
2037,0,31,0,C4,2019-04-10,3
2038,1,23,1,C7,2019-01-19,1
2039,1,36,2,C5,2020-12-15,2
2040,0,25,1,C15,2018-03-03,1
2041,0,34,2,C22,2020-12-06,2
2043,0,36,0,C10,2020-09-18,3
2044,0,34,0,C20,2019-11-15,2
2045,0,25,1,C9,2020-09-05,3
2047,0,35,2,C29,2019-09-08,3
2049,1,39,1,C23,2014-10-24,1
2050,0,34,2,C29,2019-10-31,2
2052,0,36,2,C18,2020-04-13,2
2053,1,30,2,C24,2020-05-06,3
2054,0,27,0,C28,2020-07-07,2
2055,0,31,0,C10,2019-02-01,3
2056,0,29,0,C23,2020-05-29,3
2057,1,32,1,C27,2018-10-30,2
2058,1,34,2,C8,2020-09-26,1
2059,1,37,1,C20,2020-08-09,2
2060,0,30,2,C14,2020-12-18,2
2061,1,40,1,C15,2019-06-06,2
2062,0,26,2,C10,2020-03-31,2
2063,0,33,2,C18,2020-04-27,2
2064,0,27,2,C5,2018-01-10,2
2065,1,36,0,C11,2018-04-12,2
2066,1,36,2,C29,2016-02-21,2
2067,1,27,2,C25,2020-06-23,1
2068,0,37,1,C11,2018-12-06,1
2069,1,42,0,C23,2018-12-06,1
2070,0,30,0,C6,2015-01-30,2
2071,1,34,1,C3,2020-06-28,2
2073,0,21,0,C27,2018-12-31,1
2074,0,25,1,C18,2019-08-17,2
2076,1,39,2,C15,2016-08-15,1
2078,1,35,0,C12,2020-05-29,3
2082,0,28,2,C24,2020-05-30,2
2083,1,36,2,C17,2019-06-06,1
2084,1,26,2,C17,2020-12-10,2
2085,1,30,2,C22,2018-07-18,1
2086,0,45,0,C9,2018-09-26,1
2087,0,50,2,C24,2015-08-20,1
2088,1,32,1,C9,2020-12-27,1
2089,0,32,0,C29,2020-07-31,3
2090,0,32,2,C15,2020-07-31,2
2091,0,39,1,C24,2018-11-09,1
2092,0,33,1,C2,2019-06-12,3
2093,0,31,2,C19,2019-08-10,2
2094,0,28,1,C15,2018-12-17,1
2095,0,33,1,C26,2019-10-29,1
2096,0,34,1,C14,2020-03-05,2
2097,0,35,0,C25,2020-07-31,3
2098,0,43,2,C21,2013-02-04,3
2100,0,41,1,C9,2018-08-05,2
2101,0,29,2,C17,2019-09-19,3
2102,0,44,2,C2,2015-07-30,3
2103,0,37,0,C10,2020-12-07,2
2104,1,39,0,C7,2016-04-30,1
2105,0,32,1,C21,2019-01-15,1
2106,1,32,0,C2,2018-10-26,1
2108,1,32,2,C16,2019-11-30,1
2109,0,30,2,C7,2019-08-10,2
2110,0,36,0,C19,2016-01-21,5
2113,1,32,1,C15,2019-09-13,1
2114,1,39,0,C19,2016-06-24,2
2115,0,30,2,C9,2018-10-23,2
2116,1,52,0,C22,2018-08-20,1
2117,0,37,2,C4,2018-08-10,2
2118,0,26,2,C10,2019-06-28,2
2120,1,30,1,C4,2019-07-25,1
2121,1,26,2,C22,2018-11-18,1
2122,0,34,0,C2,2018-10-24,3
2123,1,46,0,C3,2018-11-12,2
2124,0,22,1,C13,2018-08-22,1
2125,1,40,1,C24,2018-02-10,1
2126,1,34,2,C28,2020-02-01,2
2127,1,33,2,C12,2020-06-13,2
2128,0,37,1,C28,2018-08-21,1
2129,1,34,2,C17,2015-07-30,2
2130,0,34,2,C20,2015-05-11,2
2131,0,29,1,C21,2019-08-11,2
2132,1,31,1,C21,2019-08-10,2
2133,0,28,1,C22,2020-05-29,3
2134,0,38,0,C29,2013-10-30,2
2135,1,43,0,C24,2020-08-14,3
2137,1,33,2,C26,2014-11-14,1
2138,0,29,1,C8,2018-07-30,1
2139,0,26,2,C4,2020-04-09,2
2140,0,32,1,C19,2020-11-28,3
2141,0,28,2,C16,2020-06-28,3
2142,1,44,2,C26,2015-10-25,1
2143,0,26,0,C29,2020-01-18,2
2144,1,36,2,C9,2018-02-24,2
2145,0,32,1,C4,2020-01-14,2
2146,0,27,1,C6,2020-06-28,2
2148,1,30,2,C17,2019-07-29,3
2151,0,31,0,C14,2018-05-13,1
2152,1,28,2,C22,2018-09-14,1
2153,1,30,1,C11,2020-10-16,2
2154,0,40,2,C25,2016-03-01,5
2155,0,36,2,C29,2018-10-30,1
2156,1,33,2,C5,2018-12-10,2
2157,1,36,0,C10,2018-05-29,2
2159,1,35,1,C29,2018-03-07,1
2160,1,36,2,C8,2019-06-20,2
2161,0,38,1,C19,2019-06-28,3
2162,0,37,1,C23,2016-06-05,1
2163,0,32,1,C11,2019-09-28,1
2164,0,22,1,C15,2019-11-18,1
2165,1,37,0,C23,2019-08-18,1
2166,0,41,2,C29,2018-09-07,1
2167,0,38,1,C1,2016-04-27,1
2168,0,38,1,C25,2017-11-27,1
2169,1,28,0,C7,2020-06-27,3
2170,0,30,2,C14,2018-10-22,1
2171,0,35,0,C17,2019-02-07,3
2172,0,27,0,C9,2017-10-02,1
2173,0,43,1,C25,2020-10-04,3
2174,0,40,0,C20,2018-05-18,1
2175,0,41,2,C29,2020-07-22,4
2176,0,29,1,C25,2016-06-05,1
2178,1,33,1,C11,2020-06-07,2
2179,1,30,1,C22,2016-04-25,1
2180,0,39,0,C22,2018-08-25,1
2181,1,35,1,C24,2019-11-24,2
2182,1,23,0,C3,2018-07-17,1
2183,1,40,1,C10,2020-06-27,3
2186,1,28,2,C8,2016-08-13,1
2187,0,30,0,C20,2019-06-15,1
2188,1,41,0,C11,2020-09-08,4
2189,1,42,1,C9,2013-10-23,2
2190,0,28,1,C7,2016-04-25,1
2191,0,29,1,C26,2020-10-30,1
2192,0,38,1,C19,2019-07-10,3
2193,0,35,2,C29,2019-12-12,3
2194,1,35,0,C20,2013-09-29,4
2195,0,32,0,C3,2020-07-07,2
2196,0,35,1,C25,2013-06-10,2
2197,1,48,1,C17,2018-12-02,2
2198,1,46,0,C14,2019-09-01,1
2199,0,26,2,C5,2020-02-27,3
2200,0,34,1,C15,2016-06-21,1
2201,1,32,1,C19,2018-10-21,2
2202,0,30,0,C17,2020-09-18,2
2203,0,31,1,C7,2020-08-03,2
2204,1,28,2,C4,2018-01-13,1
2205,1,31,1,C8,2020-04-21,2
2206,0,24,1,C5,2019-08-24,1
2207,0,34,0,C2,2019-06-01,1
2208,0,23,2,C6,2020-05-31,3
2209,1,37,1,C16,2018-05-01,2
2210,0,37,1,C26,2019-03-30,1
2211,0,34,0,C8,2018-01-19,1
2213,1,58,1,C24,2018-04-05,1
2214,0,33,0,C20,2020-11-07,2
2215,0,27,1,C6,2018-05-21,1
2216,0,30,2,C16,2020-01-05,2
2217,1,36,1,C4,2020-05-05,3
2218,1,23,0,C18,2020-05-18,1
2219,0,32,1,C25,2017-12-19,2
2220,0,38,1,C18,2020-01-19,2
2221,0,32,0,C19,2019-01-28,3
2223,0,40,1,C13,2018-10-21,1
2224,1,47,2,C27,2018-08-27,1
2225,1,35,1,C1,2017-11-10,1
2226,0,31,2,C16,2020-02-01,2
2227,1,30,1,C16,2020-04-02,1
2228,1,53,0,C27,2018-07-21,1
2229,0,26,2,C20,2020-04-05,3
2230,0,34,2,C16,2020-06-09,3
2231,1,33,0,C27,2015-02-28,2
2232,1,25,1,C11,2018-06-06,1
2233,0,37,1,C8,2020-12-19,2
2235,1,30,0,C10,2018-08-06,1
2236,1,49,0,C3,2015-09-08,1
2238,0,29,2,C17,2020-08-08,2
2239,1,46,1,C27,2020-11-28,3
2240,0,33,0,C5,2020-10-08,3
2241,0,35,1,C5,2019-11-17,3
2242,0,35,0,C3,2019-05-01,2
2245,1,33,2,C19,2020-06-02,2
2246,1,28,2,C2,2019-10-10,2
2247,1,29,1,C9,2018-04-05,1
2248,1,41,2,C12,2020-01-05,2
2249,1,38,1,C2,2020-05-29,3
2250,0,25,1,C26,2019-01-11,2
2251,0,37,2,C15,2013-10-23,2
2252,1,36,1,C20,2018-06-16,3
2253,0,39,1,C11,2018-08-17,1
2254,1,23,1,C4,2020-07-08,1
2255,0,38,0,C25,2013-06-11,3
2256,0,30,0,C11,2018-07-10,2
2257,1,41,2,C22,2018-02-24,2
2258,1,35,0,C14,2019-11-28,3
2259,0,40,2,C4,2017-10-02,1
2260,0,32,2,C29,2020-10-10,2
2261,1,25,1,C24,2020-12-21,1
2263,0,24,0,C26,2018-07-17,1
2264,1,33,1,C15,2015-05-29,2
2265,1,28,1,C27,2019-08-13,3
2267,1,30,1,C23,2019-02-20,1
2268,0,43,0,C24,2015-01-11,2
2269,0,32,2,C8,2020-04-14,3
2270,1,34,2,C9,2020-08-29,3
2271,0,38,0,C2,2018-07-28,1
2272,1,44,1,C5,2019-02-16,2
2273,0,32,2,C25,2020-05-22,3
2274,1,34,2,C24,2018-11-23,1
2276,0,32,2,C29,2020-07-13,3
2277,1,29,1,C25,2020-08-09,3
2278,1,34,0,C23,2018-07-27,1
2279,1,27,2,C19,2020-07-11,2
2281,0,31,2,C13,2019-06-10,2
2282,1,31,2,C5,2019-06-30,2
2283,0,35,0,C19,2017-10-11,1
2284,0,30,0,C12,2014-08-15,2
2285,1,38,0,C28,2018-08-07,2
2286,1,34,1,C29,2019-07-07,2
2287,1,33,2,C28,2019-08-15,2
2288,0,31,0,C20,2018-12-15,1
2289,1,45,0,C2,2018-12-01,1
2290,1,32,2,C9,2020-11-28,2
2291,1,30,1,C2,2018-02-28,1
2292,0,30,0,C15,2018-06-23,1
2294,1,24,0,C1,2019-09-28,1
2295,0,41,0,C26,2019-08-11,3
2296,0,24,0,C11,2020-01-31,2
2298,0,27,2,C15,2020-08-12,3
2299,1,40,0,C5,2015-11-19,1
2300,1,34,0,C6,2019-07-29,2
2302,0,36,1,C14,2020-08-05,2
2303,0,35,1,C1,2019-09-28,2
2304,0,28,2,C15,2019-12-09,3
2306,1,30,1,C27,2018-06-23,1
2307,1,25,0,C29,2020-06-11,1
2308,0,45,0,C21,2018-08-05,1
2309,1,36,0,C9,2019-05-31,2
2310,0,31,2,C6,2019-01-11,1
2311,0,32,1,C20,2020-01-09,2
2313,1,32,1,C18,2019-05-18,1
2314,0,28,1,C12,2013-10-18,2
2315,1,34,2,C4,2019-10-14,3
2318,1,33,2,C26,2019-12-12,2
2319,0,38,2,C7,2018-05-21,2
2320,0,29,2,C28,2020-12-01,1
2321,0,33,1,C2,2018-12-15,1
2322,1,31,0,C12,2020-07-19,3
2323,1,25,0,C23,2020-05-05,1
2324,0,34,2,C19,2018-08-10,1
2326,1,32,0,C25,2019-11-28,3
2327,1,34,0,C1,2019-10-14,1
2329,1,32,0,C10,2020-10-02,1
2330,1,28,2,C8,2020-07-17,2
2331,1,23,1,C2,2020-09-08,2
2332,1,24,0,C4,2019-11-21,1
2333,0,41,0,C7,2020-11-04,3
2334,1,29,1,C8,2019-11-29,1
2335,0,31,1,C20,2019-06-20,2
2336,0,43,2,C6,2019-06-21,1
2338,0,30,2,C27,2020-12-06,2
2339,0,34,2,C10,2020-05-29,2
2340,0,33,2,C28,2018-03-12,2
2342,1,32,1,C9,2018-06-18,2
2343,1,25,2,C2,2020-09-25,2
2344,0,33,0,C16,2020-06-21,3
2345,0,25,2,C27,2020-09-08,3
2346,0,36,0,C6,2019-10-31,3
2347,0,36,1,C15,2020-04-24,3
2348,1,24,2,C25,2020-11-13,1
2350,0,38,2,C18,2018-11-20,1
2351,0,31,2,C5,2019-10-19,1
2354,0,31,0,C18,2017-12-02,2
2355,1,32,0,C3,2018-09-17,2
2356,0,40,1,C28,2020-06-01,2
2357,1,33,1,C4,2019-08-31,1
2358,0,39,0,C4,2018-05-26,1
2360,1,24,1,C15,2020-12-14,3
2361,1,34,0,C3,2019-09-11,1
2362,1,42,0,C26,2015-08-20,2
2363,1,32,2,C13,2019-10-31,2
2364,0,38,2,C11,2019-01-15,3
2365,1,41,0,C13,2015-07-08,1
2366,1,31,0,C9,2020-06-02,2
2367,1,49,0,C25,2016-04-18,1
2368,0,27,2,C25,2020-01-03,2
2369,0,30,0,C14,2020-06-03,1
2370,0,30,2,C27,2020-07-17,3
2371,1,41,1,C29,2016-01-28,1
2372,0,35,2,C24,2020-05-23,3
2373,1,33,1,C20,2018-04-12,2
2375,0,41,1,C3,2018-05-22,1
2377,1,33,2,C7,2016-04-29,1
2378,1,30,1,C14,2020-04-09,3
2379,0,28,2,C15,2020-04-24,3
2380,1,26,1,C6,2017-11-28,1
2381,0,46,1,C19,2017-12-25,1
2382,1,40,2,C10,2019-11-18,4
2384,1,36,2,C25,2018-08-20,1
2385,1,39,2,C17,2018-07-10,2
2386,0,26,0,C21,2020-04-19,1
2387,0,31,1,C26,2017-06-30,1
2388,1,27,0,C9,2020-07-07,1
2390,0,44,0,C28,2018-05-30,1
2391,0,28,0,C26,2019-12-09,2
2392,1,31,2,C29,2019-08-29,1
2393,1,30,0,C27,2020-08-08,3
2394,0,42,2,C24,2018-12-09,2
2395,0,35,1,C20,2020-11-10,2
2396,0,33,2,C26,2020-06-21,2
2397,1,38,0,C8,2020-05-15,2
2398,0,37,2,C10,2019-02-06,2
2399,1,27,2,C23,2018-03-07,1
2400,0,35,2,C18,2015-06-08,1
2402,0,28,2,C27,2020-07-24,3
2403,0,35,0,C25,2018-04-05,2
2404,0,25,1,C17,2019-12-12,1
2405,0,36,2,C7,2019-01-26,5
2406,1,32,0,C18,2019-02-17,1
2407,1,35,2,C8,2018-10-20,1
2408,0,41,0,C4,2016-01-05,1
2409,0,27,0,C20,2018-06-05,1
2410,0,37,0,C20,2019-08-17,4
2411,1,34,2,C25,2020-11-22,2
2412,1,35,1,C14,2019-11-06,3
2413,1,43,2,C6,2015-12-11,1
2414,0,31,1,C15,2020-05-25,1
2415,0,39,1,C10,2019-11-28,3
2416,0,32,2,C24,2018-04-05,2
2417,0,25,2,C28,2019-10-17,2
2418,1,34,1,C12,2020-09-26,3
2419,1,25,2,C18,2018-11-16,1
2420,0,29,2,C5,2015-07-30,2
2421,0,38,1,C28,2016-07-01,1
2422,0,46,1,C4,2014-08-26,2
2423,1,35,0,C18,2020-07-08,3
2424,0,32,0,C6,2020-09-08,3
2425,0,30,1,C21,2020-07-13,3
2426,1,33,2,C25,2020-09-28,2
2427,1,33,2,C15,2018-12-28,2
2428,0,36,2,C17,2020-11-29,1
2429,0,27,0,C21,2019-08-11,1
2430,0,27,0,C27,2020-04-13,2
2431,1,37,0,C17,2018-10-20,1
2432,1,52,1,C1,2015-10-25,1
2433,0,30,2,C29,2020-03-29,1
2435,1,28,0,C13,2020-01-28,1
2436,0,33,2,C4,2020-10-07,3
2438,1,31,1,C18,2018-01-01,1
2439,0,28,2,C16,2020-07-31,2
2440,0,35,2,C9,2020-07-09,2
2441,1,33,2,C5,2019-02-09,2
2442,0,36,2,C29,2019-11-10,3
2443,0,25,0,C25,2017-11-25,1
2445,0,36,1,C21,2018-06-26,3
2446,1,29,0,C29,2020-05-29,2
2447,0,23,2,C10,2020-10-07,2
2448,0,32,1,C18,2019-05-24,3
2449,1,37,0,C22,2020-01-05,2
2450,1,29,1,C4,2018-02-07,1
2451,0,23,0,C21,2018-03-01,1
2453,1,38,1,C12,2019-12-11,3
2454,0,39,2,C9,2016-03-01,1
2455,0,24,1,C28,2017-06-18,1
2457,0,42,0,C24,2018-07-09,2
2458,0,38,1,C21,2018-10-08,1
2459,1,32,2,C9,2019-07-12,2
2460,1,26,2,C12,2020-05-17,1
2461,0,30,0,C2,2019-02-12,2
2464,0,29,2,C15,2020-05-22,1
2465,0,34,0,C20,2019-05-31,2
2467,1,28,0,C1,2020-01-31,3
2468,0,33,1,C14,2020-05-04,2
2469,1,31,2,C24,2020-11-13,3
2470,0,30,1,C27,2018-02-27,1
2471,0,27,0,C24,2020-06-04,2
2472,0,33,2,C25,2018-02-10,1
2473,1,38,1,C6,2019-06-13,1
2474,0,34,1,C10,2020-06-28,1
2475,0,35,2,C12,2019-04-11,3
2476,0,33,1,C19,2020-03-16,3
2478,1,25,2,C2,2018-11-06,1
2480,1,28,0,C24,2019-11-21,1
2481,1,45,2,C2,2018-12-02,1
2482,0,36,0,C16,2020-04-13,3
2483,0,36,2,C4,2020-04-18,2
2484,0,35,1,C2,2019-11-10,3
2485,0,39,2,C13,2018-02-06,1
2486,1,35,2,C6,2019-05-12,2
2487,1,35,2,C29,2013-12-10,1
2488,0,27,0,C14,2018-07-20,1
2489,1,36,1,C23,2017-02-25,1
2490,1,25,1,C25,2019-11-21,1
2491,0,25,2,C20,2019-12-30,2
2492,1,35,2,C28,2017-11-18,1
2493,1,50,2,C19,2016-05-25,1
2494,0,45,0,C27,2018-05-25,1
2495,1,31,0,C3,2018-12-11,1
2496,0,23,2,C28,2020-01-31,1
2497,1,38,0,C4,2020-06-30,3
2498,0,30,0,C22,2020-07-27,1
2499,0,27,1,C17,2019-06-07,2
2500,0,32,1,C8,2020-09-28,3
2501,1,31,0,C7,2019-04-08,1
2502,1,30,0,C20,2019-12-09,3
2503,1,35,0,C13,2019-06-28,3
2504,1,32,2,C20,2020-05-29,3
2505,0,40,1,C12,2018-08-18,1
2506,0,33,1,C15,2019-11-29,1
2507,0,26,2,C23,2019-11-16,1
2508,0,37,2,C11,2018-05-18,1
2509,1,38,1,C28,2020-06-28,3
2510,0,41,2,C1,2014-05-05,2
2511,1,23,1,C6,2020-06-22,1
2513,0,27,0,C10,2016-01-05,1
2514,0,31,2,C16,2019-10-31,2
2515,0,40,2,C5,2020-11-13,2
2516,0,45,2,C15,2019-06-30,4
2517,1,31,1,C26,2015-05-31,2
2518,1,37,1,C13,2013-10-22,1
2520,0,30,0,C18,2015-08-27,2
2521,0,26,0,C24,2020-12-18,1
2522,1,34,1,C13,2013-01-04,2
2525,1,23,0,C16,2020-09-03,1
2527,0,25,0,C5,2019-10-31,1
2528,1,45,1,C24,2018-12-18,2
2529,0,40,0,C27,2019-04-07,1
2530,1,27,1,C29,2015-02-08,3
2532,0,38,2,C20,2020-06-28,2
2533,0,31,0,C5,2019-06-09,1
2535,0,32,1,C23,2019-09-11,1
2536,1,39,2,C13,2018-10-14,2
2537,1,36,0,C20,2020-01-09,2
2538,0,37,0,C27,2020-10-30,3
2539,1,29,0,C15,2019-01-16,2
2540,0,34,0,C19,2019-12-23,1
2541,1,30,0,C27,2016-04-27,1
2543,0,27,0,C20,2018-10-06,1
2544,0,31,0,C22,2019-07-28,2
2545,0,43,0,C22,2018-05-13,1
2546,0,34,2,C10,2018-06-08,2
2547,0,37,0,C19,2018-06-29,1
2549,1,31,0,C17,2019-05-12,2
2550,0,35,1,C14,2020-11-28,3
2551,0,39,1,C23,2018-12-05,1
2552,1,33,1,C24,2018-04-12,1
2553,1,33,1,C26,2020-10-08,3
2554,0,38,0,C14,2017-08-07,1
2555,1,37,0,C13,2014-12-29,2
2556,0,25,2,C7,2019-06-13,2
2558,0,36,1,C19,2018-04-05,1
2559,0,46,2,C25,2018-09-16,3
2560,0,30,2,C22,2017-11-29,1
2561,1,41,2,C24,2015-05-24,1
2562,0,31,0,C22,2019-09-17,3
2563,0,38,0,C20,2015-08-27,1
2565,0,28,0,C15,2020-08-09,3
2566,0,24,1,C18,2020-08-18,2
2567,1,47,2,C9,2018-03-06,1
2568,0,30,0,C28,2014-05-12,2
2569,1,26,2,C10,2020-04-25,2
2570,0,23,2,C9,2019-03-12,1
2571,0,34,1,C27,2020-11-30,3
2572,1,44,0,C5,2016-08-07,1
2573,1,38,0,C26,2020-07-14,1
2574,0,22,0,C8,2019-01-18,1
2575,0,25,0,C15,2019-06-07,1
2576,0,28,1,C25,2015-08-20,2
2577,0,28,1,C13,2020-04-25,2
2578,1,25,2,C3,2020-07-13,1
2579,0,46,1,C23,2019-01-15,2
2581,1,42,1,C29,2019-05-07,1
2582,0,44,0,C16,2015-06-08,1
2585,0,26,0,C4,2020-05-17,2
2586,1,31,1,C4,2018-10-30,1
2587,0,35,2,C7,2020-07-20,2
2588,1,31,1,C28,2020-02-13,1
2589,1,33,2,C23,2019-06-06,1
2590,0,28,0,C11,2020-03-05,2
2592,0,35,2,C20,2018-06-17,1
2593,0,34,0,C3,2016-04-25,1
2594,0,32,1,C21,2015-07-23,1
2595,1,35,0,C18,2015-12-11,2
2596,0,32,2,C20,2019-09-28,3
2597,1,33,2,C3,2016-08-14,1
2598,1,36,2,C20,2019-09-20,3
2599,0,26,1,C7,2018-12-18,1
2600,1,41,0,C14,2015-05-24,2
2601,0,36,0,C4,2019-06-28,1
2602,0,24,0,C24,2019-06-01,1
2603,1,36,2,C5,2019-03-10,2
2604,1,39,2,C2,2013-07-19,2
2605,0,41,1,C8,2020-03-20,3
2606,0,24,0,C8,2018-01-06,1
2607,0,40,1,C17,2018-12-24,1
2608,0,32,0,C16,2020-02-06,1
2609,1,23,2,C15,2020-02-01,1
2610,1,35,2,C4,2020-05-05,3
2611,0,39,1,C29,2020-08-03,1
2612,0,41,1,C13,2019-06-06,3
2613,1,29,0,C5,2019-06-10,3
2614,0,31,2,C15,2018-06-20,2
2615,0,29,2,C29,2015-09-24,1
2616,0,27,1,C16,2019-09-26,1
2617,1,37,0,C25,2015-01-16,2
2618,1,27,2,C20,2020-01-05,2
2620,1,35,1,C20,2019-08-01,2
2623,1,41,1,C9,2018-07-07,2
2624,1,32,1,C12,2015-07-30,2
2625,0,37,0,C6,2015-09-08,1
2626,0,27,1,C2,2018-08-06,1
2627,1,34,0,C7,2020-06-11,3
2628,0,27,2,C5,2017-11-25,1
2629,1,25,0,C21,2020-04-17,1
2630,0,37,2,C26,2015-07-23,1
2631,0,30,0,C1,2020-07-12,2
2632,0,26,2,C7,2018-07-29,2
2633,1,31,2,C18,2019-11-30,3
2634,0,25,0,C11,2019-09-15,2
2635,0,35,0,C20,2020-11-17,2
2637,0,41,0,C15,2017-12-09,1
2639,1,29,0,C12,2020-02-13,3
2640,1,31,1,C29,2020-09-28,2
2641,1,36,1,C17,2020-02-06,1
2642,0,29,0,C8,2018-09-14,1
2643,0,28,0,C5,2018-06-22,2
2644,0,44,0,C8,2017-08-26,1
2645,1,32,1,C26,2020-09-28,3
2646,0,30,2,C3,2020-07-31,3
2647,0,36,0,C12,2018-12-15,2
2648,0,45,1,C5,2019-06-06,1
2649,0,39,2,C7,2016-07-25,2
2650,0,48,0,C22,2018-09-19,1
2651,0,33,2,C11,2019-06-27,2
2653,1,32,0,C15,2020-08-29,2
2654,0,30,0,C19,2020-09-15,3
2655,0,35,2,C10,2020-11-02,1
2656,1,34,1,C6,2020-04-13,2
2659,1,34,0,C6,2019-09-26,2
2660,0,27,2,C13,2013-09-15,1
2661,1,33,1,C3,2016-01-31,1
2663,0,31,1,C7,2018-03-10,1
2664,1,37,1,C22,2020-06-30,2
2665,1,36,2,C17,2018-10-15,1
2666,0,28,1,C6,2019-10-31,2
2667,0,40,1,C1,2013-10-18,2
2668,0,33,0,C16,2014-12-27,2
2670,1,31,1,C24,2018-12-12,1
2671,1,35,1,C24,2020-05-24,3
2672,1,36,2,C18,2020-02-08,3
2674,1,28,1,C11,2017-12-03,1
2675,0,29,1,C7,2020-06-19,2
2676,0,34,2,C13,2019-10-24,1
2677,0,25,1,C21,2018-07-20,1
2678,1,37,1,C1,2020-11-16,3
2680,0,28,1,C9,2020-07-07,2
2682,0,42,0,C6,2019-07-16,4
2683,1,48,1,C6,2018-12-11,1
2684,0,35,1,C21,2016-04-26,1
2685,1,41,1,C1,2019-03-08,4
2686,0,26,2,C27,2020-07-08,3
2687,0,24,2,C25,2017-07-14,1
2690,0,24,2,C11,2018-07-17,1
2691,1,31,0,C16,2018-06-26,3
2692,0,29,1,C29,2020-02-01,2
2693,0,24,0,C7,2018-04-05,1
2694,1,38,2,C20,2020-02-28,2
2695,0,35,0,C15,2020-01-05,3
2696,1,36,1,C23,2016-08-08,2
2697,0,29,0,C20,2019-11-11,1
2698,0,26,1,C21,2020-03-17,2
2699,0,39,0,C29,2020-06-16,4
2700,0,33,0,C25,2019-07-29,2
2701,0,25,1,C14,2019-07-18,1
2702,0,34,0,C20,2020-04-13,3
2703,0,38,0,C16,2019-02-11,2
2704,0,33,1,C12,2019-12-12,2
2705,0,36,1,C24,2020-07-31,3
2706,0,36,0,C16,2019-07-10,3
2707,0,25,0,C24,2020-03-16,2
2708,1,25,2,C3,2019-10-29,1
2709,1,31,2,C17,2019-08-15,2
2710,0,38,1,C5,2018-09-29,1
2711,1,38,0,C17,2020-08-14,3
2712,1,30,0,C7,2019-08-29,4
2713,1,32,2,C9,2019-06-30,2
2714,0,39,0,C3,2015-04-10,2
2715,1,29,0,C28,2020-06-13,3
2716,1,31,1,C29,2019-06-16,1
2718,1,35,2,C20,2019-11-21,1
2719,0,29,1,C7,2019-05-31,1
2720,1,43,0,C6,2018-10-19,1
2721,0,38,0,C7,2019-05-01,2
2722,0,34,0,C18,2020-10-20,2
2723,1,42,2,C1,2020-03-13,1
2724,1,37,2,C27,2019-05-21,1
2725,0,33,1,C15,2013-06-10,2
2726,0,25,2,C28,2018-09-19,1
2727,1,30,2,C4,2014-10-17,2
2728,1,26,2,C19,2020-11-03,1
2729,0,33,0,C10,2019-04-08,4
2730,1,31,2,C16,2019-08-07,2
2731,1,42,2,C22,2018-07-05,1
2732,1,31,0,C12,2016-06-21,1
2733,0,29,2,C10,2020-12-09,2
2734,1,38,1,C10,2019-05-23,1
2735,0,31,1,C16,2018-02-12,1
2736,1,27,2,C23,2019-07-07,1
2737,1,27,1,C8,2018-07-27,1
2738,0,23,0,C17,2018-08-09,1
2739,0,34,1,C9,2018-09-12,2
2740,0,45,2,C22,2015-07-19,1
2742,0,28,1,C1,2019-02-07,1
2744,1,41,0,C15,2018-07-15,5
2745,0,33,1,C26,2020-03-14,3
2746,1,32,0,C8,2020-05-15,2
2747,1,38,0,C14,2018-12-17,1
2749,0,27,1,C28,2018-10-28,1
2751,0,31,2,C17,2015-05-11,1
2752,0,28,1,C20,2020-04-08,2
2753,1,38,1,C11,2013-08-07,1
2754,0,28,2,C6,2019-08-06,1
2755,0,36,1,C11,2020-02-05,3
2757,0,37,2,C24,2020-04-01,2
2758,0,32,1,C26,2019-07-11,2
2759,0,29,1,C17,2018-08-24,2
2760,1,31,0,C20,2019-03-10,3
2761,0,28,2,C20,2020-07-17,3
2762,0,40,1,C1,2018-05-05,2
2763,1,37,0,C5,2020-04-04,3
2764,1,30,0,C25,2020-09-28,2
2765,0,26,1,C18,2018-02-10,1
2766,1,35,1,C21,2013-05-11,2
2768,1,30,2,C1,2016-06-05,1
2770,0,32,0,C26,2020-11-29,3
2771,0,39,0,C12,2015-08-29,2
2772,1,22,0,C26,2017-12-06,1
2773,0,36,0,C19,2019-06-21,1
2774,0,40,1,C15,2018-07-21,1
2775,0,27,0,C9,2020-02-10,3
2776,1,27,1,C27,2019-04-01,2
2778,0,35,2,C13,2020-11-29,2
2779,0,28,0,C26,2020-01-26,3
2781,0,25,2,C23,2020-02-17,2
2782,0,26,1,C19,2019-05-16,1
2784,0,33,0,C24,2015-10-15,2
2785,1,34,0,C9,2020-08-28,1
2786,0,44,0,C19,2018-07-31,2
2787,1,28,2,C20,2018-07-21,1
2788,0,29,2,C27,2020-08-06,2
